id,Ta,TaTa,TaTaTa,TaTaTi,TaTaTigitigi,TaTaTimgi,TaTaTimgiri,TaTaTiti,TaTaTitigi,TaTaTriole,TaTaiti,TaTano,TaTao,TaTi,TaTimgiTa,TaTimgiTimgi,TaTimgiTiti,TaTiti,TaTitiTa,TaTitiTi,TaTitiTiti,TaTitigiTigitigi,TaTrioleTa,Tai,Taiti,TaitiTa,TaitiTimgi,TaitiTiti,TaitigiTigitigi,Tanogi,Tao,TaoTa,TaoTigitigi,TaoTimgi,TaoTimgiri,TaoTiti,TaoTriole,Taoa,Taono,TigimTi,TigimTitiTiti,Tigimgim,Tigitigi,TigitigiTa,TigitigiTaTa,TigitigiTi,TigitigiTigitigi,TigitigiTigitigiTigitigi,TigitigiTiti,Timgi,TimgiTa,TimgiTaTa,TimgiTaTigitigi,TimgiTaTimgi,TimgiTaTiti,TimgiTaiti,TimgiTi,TimgiTimgiTimgi,TimgiTiti,TimgiTitiTiti,Timgiri,TimgiriTa,TimgiriTiti,TinotigiTigitigi,Titi,TitiTa,TitiTaTa,TitiTaTi,TitiTaTimgi,TitiTaTiti,TitiTao,TitiTi,TitiTiti,TitiTitiTa,TitiTitiTi,TitiTitiTimgi,TitiTitiTiti,TitiTitino,TitigiTa,TitigiTi,TitigiTigitigi,TitigiTiti,TitigiTitigi,Triole,no,nogiTimgi,nogiTiti
1,0.0625,,0.0625,,,0.625,,,,,,,,,,,,,,,,,,,,,,0.0625,,,,0.0625,,,,,,,,,,,,,,,,,,,,,,,,,0.0625,,,,,,,,,,,,,,,,,,,,0.0625,,,,,,,,,,
2,0.0625,,,,0.25,0.1875,,0.0625,,,,,,,,,,,,,,,,,,,,0.375,0.0625,,,,,,,,,,,,,,,,,,,,,,,,0.0625,,,0.125,0.0625,,,,,,,0.0625,,,,,,,,,,,,,,,,,,,,,,,
3,,,0.25,,,0.5,,,,,,,,,,,,,,,,,,,,,,,,,0.0625,,,0.125,,,,,,,,,,,,,,,,0.0625,,,,,,,,,,,,,,,,,,,,,,,,,,,,,,,,,,,,,
4,,,,,0.3125,,,,,,,,,,,,,,,,,,,,,,,0.625,,,0.0625,,0.1875,,,,,,,,,,0.0625,,,,,,,,,,,,,,,,,,,,,,,,,,,,,,,,,,,,,,,,,,,,
5,0.0625,,0.0625,,,0.3125,,,,,,,,,,,,,,,0.0625,,,,,,,0.1875,,,,,,,,,,,,,,,,,,,,,,0.0625,,,,0.0625,,,,0.0625,,,,,,,,,,,,,,,,,,,,,,,,,,,,,
6,,,0.125,,,,,,,,,,,,,,,,,,,,,,,,,,,,0.125,0.0625,,,,,,,,,,,,,,,,,,,,0.0625,,,0.0625,0.1875,,,,0.0625,,,,,,,0.125,,,0.1875,,,,,,,,,,,,,,,,,
7,0.0625,,,,,0.0625,,,,,,,,,,,,,,,,,,,,,0.125,,,,,,,0.875,,,,,,,,,,,,,,,,0.0625,,,,,,,,,,,,,,,,,,,,,,,,,,,,,,,,,,,,,
8,,0.0625,,,,0.25,,,,,,,,,,,,,,,,,,,,,0.0625,0.375,,,,,,0.125,,,,,,,,,,,,,,,,0.0625,,,,,,,,,,,,,,,,,,,0.0625,,,,,,,,,,,,,,,,,,
9,,,0.125,,,,,,,,,,,,,0.0625,,,,,0.0625,,,,,,,,,,0.0625,0.0625,,0.5,,,,,,,,,,,,,,,,0.0625,,0.0625,,,,,,,,,,,,,,,,,,,,,,,,,,,,,,,,,,,
10,0.0625,,,,0.0625,0.25,,0.0625,,,,,,,,,,,,,,,,,,,,,,,,,0.0625,0.3125,,,,,,,,,,,,,,,,0.0625,,,,,,,,,,,,,,,,,,,,,,,,,,,0.125,,,,,,,,,,
11,,,,,,,,,,,,,,,,,,,,,,,,,,,,,,,0.0625,,0.125,,,,,,,,,,0.0625,,,,,,,,,,0.5,,,,,0.25,,,,,,,,,,,,,,,,,,,,,,,,,,,,,
12,,,0.25,,,0.125,,,,,,,,,,0.125,,,,,,,,,,,,0.1875,,,0.0625,,,,,0.125,,,,,,,,,,,,,,0.0625,,,,,,,,0.0625,,,,,,,,,,,,,,,,,,,,,,,,,,,,,
13,0.0625,,0.3125,,,0.25,,,,,,,,,,,,,,,,,,,,,,,,,,0.0625,0.0625,0.0625,,,,,,,,,,,,,,,,,0.0625,,,,,,,,,,,,,,,,,,,,,,,,,,,,,,,,,,,,
14,0.125,,0.125,,,,,,0.0625,,,,,,,,,,,,,,,,,0.875,,0.0625,,,,0.1875,,,,0.0625,,,,,,,,,,,,,,,,,,,,,,,,,,,,,,,,,,,,,,,,,,,,,,,,,,,
15,,,,,0.0625,,,,,,,,,,,,,,,,,,,,,,,,,,0.0625,,0.1875,,,,,,,,,,,0.0625,,,,,,,,,,,,,,0.1875,,,,,,,,,,,,,,,,,,,,,,,,,,,,,
16,,,0.0625,,0.25,0.1875,,,,,,,,,,,,,,,,,,,,,,,,,0.0625,,0.1875,,,0.125,,,,,,,,,,,,,,0.0625,,,,,,,,0.0625,,,,,,,,,,,,,,,,,,,,,,,,,,,,,
17,0.0625,,0.3125,,,,,,,0.125,,,,,,,,,,,,,,,,0.0625,,,,,,0.25,,,,,0.125,,0.0625,,,,,,,,,,,,,0.125,,,,,,,,,,,,,,,,,,,,,,,,,0.0625,,,,,,,0.0625,,,
18,,,,,,,,,,,,,,,,,,,,,,,,,,,,,,,0.1875,,0.75,,,,,,,,,,0.0625,,,,,,,,,,,,,,,,,,,,,,,,,1.0,,,,,,,,,,,,,,,,,,,
19,,,0.25,,,,0.0625,,,,,,,,,,,,,,,,,,,,,,,,0.0625,0.125,,,0.25,,,,,,,,,,0.0625,,,,,,0.0625,0.0625,,,,0.125,,,,,0.0625,,,,,,,,,,,,,,,,0.0625,,,,,,,,,,
20,,0.0625,,,,,,,,,,,,,,,,,,,,,,,,,,,,,,,0.1875,,0.0625,0.125,,,,,,,,,,,,,,,,,,,,,,,,,,0.0625,,,,,0.0625,,,0.25,,,,,,,0.0625,,,,,,,,,,
21,0.0625,,0.125,,,0.0625,,0.0625,,,,,,,,,,,,,,,,,,,0.5625,,,,,0.0625,,0.125,,,,,,,,,,,,,,,,0.0625,,,,,,,,0.125,,,,,,,,,,,,,,,,,,,,,,,,,,,,,
22,,,,,,,,,,,,,,,,,,,,,,,,,,,,,,,0.0625,,,,,0.125,,,,,,,,,,,,,,,,,,,,,,,,,,,,,0.0625,,,,,0.6875,,,,,,,0.0625,,,,,,,,,,
23,0.0625,,0.25,,,0.0625,,,,,,,,,,,,,,,,0.0625,,,,,,,0.5,,,,,0.0625,,,,,,,,,0.0625,,,,,,,,,,,,,,,0.1875,,,,,,,,,,,,,,,,,,,,,,,,,,,,,
24,0.0625,,,,,,,,,,,,,,,,,,,,,,,,,,,,,,,0.0625,,,,0.25,,,,,,,,,,,,,,,,,,,,,,,,0.4375,,,,,0.0625,,,,,,0.0625,,,,,,,,,,,,,,,,
25,,,0.1875,,,0.125,,,,,,,,,,,,,,,,,,,,,0.0625,,,,0.0625,,,0.4375,,,,,,,,,,,,,,,,0.0625,,,,0.0625,,,,,,,,,,,,,,,,,,,,,,,0.0625,,,,,,,,,,
26,,,,,,,,,,,,,,,,,,,,,,,,,,,,,0.125,,0.0625,,0.0625,,,,,,,,,,0.0625,,,,,,,,,,0.5625,,0.0625,,,,,0.0625,,,,,,,,,,,,,,,,,,,,,,,,,,,
27,,0.125,0.3125,,,0.0625,,,,,,,,,,,,,,,,,,,,,,,,,,,0.1875,,,,,,,,,,,,,,,0.1875,,0.0625,,,,,,,,,,,,,,,,,,,,,,,,,,,,,,,,,,,,,
28,,0.0625,,,,,0.0625,,,,,,,,,,,,,,,,,,,,,,,,,,,,,,,,,,,,,,,,,0.75,,,,,,,,,,,,,,0.0625,,,,,,,,,,,,,,,,,,,,,,,,,
29,,0.0625,0.25,,0.0625,,,,,,,,,,,,,,,,,,,,,,,,,,,,0.1875,,,,,,,,,,,0.0625,0.0625,,,,,,,,,,,,,,,,,,,,,,,,,,,,,,,,,,,,,,,,,,
30,,0.0625,,,,,,0.0625,,,,,,,,,,,,,,,,,,,,0.5,,,,,,,,,,,,,,,,,,,,,,,,0.1875,,,,,,,,,,,,,,0.0625,,,,,,,,,,,,,,,,,,,,,
31,,0.0625,,,,,,,,,,,,,,,,,,,,,,,,,,,,,,,,0.25,,,,,,,,,,,,,,,,,0.0625,,,,,,,,,,,,,0.125,,,,,,,,,,,,,0.25,,,,,,,,,,
32,,0.0625,,,0.0625,,,,,,,,,,,,,,,,,,,,,,,,,,,,,,,,,,,,,,,0.0625,,,,,,,,,,0.0625,,,,,,,,,,0.125,,,,,,,,,,,,,0.25,,,,,,,,,,
33,0.0625,,0.25,,0.1875,,,0.0625,,,,,,,,,,,,,,,,,,,,,0.0625,,,,,,,,,,,,,,0.0625,,,,,,,,,0.0625,0.0625,,0.0625,,,,,,,,,,,,,,,,,,,,,,0.0625,,,,,,,,,,
34,,0.0625,,,,,,,,,,,,,,,,,,,,,,,,,,,,,,,,,,,,,,,,,,,,,,0.875,,,0.0625,,,,,,,,,,,,,,,,,,,,,,,,,,,,,,,,,,,,
35,,,0.25,,,,,0.25,,,,,,,,,,,,,,,,,,,,,,,0.0625,,,0.125,,,,,,,,,,,,,,,,0.0625,,,,,,,,,,,,,,,,,0.0625,,,,,,,,,,,,,,,,,,,,
36,,,,0.3125,,,,,,,,,,,,,,,,,,,,,,,,,,,0.125,,0.0625,,,,,,,,,,,0.0625,0.0625,,,,,,,,,,,,,,,,,,,,,,,,,,,,,,,,,,,,,,,,,,
37,,,0.3125,,,,,,0.0625,,,,,,,,,,,,,,,,,,,0.1875,,,0.0625,,0.125,,,,,,,,,,0.0625,,,,,,,,,0.125,0.0625,,,,,,,,,,,,,,,,,,,,,,,,,,,,,,,,,,
38,0.0625,,,,,0.5625,,,,,,,,,,,,,,,,,,,,,,0.25,,,,,,,,,,,,,,,,,,,,,,,0.0625,,,0.0625,,,,,,,,,,,,,,,,,,,,,,,,,,,,,,,,,
39,,,0.3125,,,,,,,,,,,,,,,,,,,0.25,,,,,,,0.25,,0.0625,,,,,,,,,,,,,0.0625,,,,,,,,0.0625,,,,,,,,,,,,,,,,,,,,,,,,,,,,,,,,,,,
40,,0.0625,,,,,,,,,,,,,,,,,,,,,,,,,,,,,,,,,,,,,,,,,,,,,,0.3125,,,,,,,,,,,,,,0.0625,,,,,,,,,,,,0.5,,,,,,,,,,,,,
41,0.0625,,0.25,0.125,0.125,0.0625,,,,,,,,,,,,,,,,0.0625,,,,,,,,,,,,,,0.0625,,,,,,,0.0625,,,,,0.125,,,,,,,,,,,,,,,,,,,,,,,,,,,,,0.0625,,,,,,,,,,
42,,,,,,,,,,,,,,,,,,,,,,,,,,,,0.4375,,,0.0625,,,,,,,,,,,,,,,,,,,,,0.1875,,,,0.0625,,,,,,,,,0.0625,,,,,,,,,,,,0.0625,,,,,,,,,,
43,,,0.0625,,,,0.3125,,,,,,,,,,,,,,,,,,,,,0.0625,,,0.0625,0.3125,,,,,,,,,,,,,,,,,,,,,,,,,,,,,0.0625,,,,,,,,,,,,,,,,0.125,,,,,,,,,,
44,,,0.25,,,,0.3125,,,,,,,,,,,,,,0.125,,,,,0.125,,,,,0.0625,,,,0.0625,,,,,,,,0.0625,,,,,,,,,,,,,,,,,,,,,,,,,,,,,,,,,,,,,,,,,,,,
45,,,0.3125,,,0.0625,,,,,,,,,,,,,,,,0.0625,,,,,,,0.0625,,,,,0.25,,,,,,,,,,,,,,,,,,,,0.125,,,0.0625,,,,,,,,,,,,,,,,,,,,,,,,,,,,,,
46,,,0.0625,,,0.125,,,,,,,,,,,,,,,,,,,,,,,,,0.0625,0.3125,,0.375,,,,,,,,,,,,,,,,0.0625,,,,,,,,,,,,,,,,,,,,,,,,,,,,,,,,,,,,,
47,,,0.0625,,,,,,,,,,,,,,,,0.0625,,,,,,,,,,,,0.0625,0.0625,,,,,,0.0625,,,,,,,,,,,,0.0625,,,,,,,,,,,,,,,,,,,,,0.5,,,,,,0.375,,,,,,,,,,
48,0.125,,0.25,,,,,,,,,,,,,,,,,,,,,,,,,,,,,0.5625,,,,,,0.3125,,,,,,,,,,,,,,,,,,,,,,,,,,,,,,,,,,,,0.625,,,0.125,,,,,,,,,,
49,0.125,,0.1875,,,,,,,,,,0.125,,,,,,0.6875,,,,,,,,,,,,0.125,0.6875,,,,,,,,,,,,,,,,,,,,,,,,,,,,,,,,,,,,,,,,,,,,,0.3125,,,,,,,,,,
50,,,0.4375,,,,,,,,,,,,,,,,,,,,,,,,,,,,0.125,,,,,0.5625,,0.0625,,,,,,,,,,,,,,,,,,,,,,,,,,,,,,,,,,,,,,,0.5625,,,,,,,,,,
51,0.125,,0.5,,,,,,,,,,,,,,,,,,,,,,,,,,,,,0.0625,,,,0.4375,,,,,,,,,,,,,,,,,,,,,,,,,,,,,,,,,,,,,,0.125,,,0.75,,,,,,,,,,
52,,,0.4375,,,,,,,,,,,,,,,,,,0.1875,,,,,,,,,,0.125,0.25,,,,,,,0.0625,,,,,,,,,,,,,,,,,,,,,,,,,,,,,,,,,,,0.0625,,,1.125,,,,,,,,,,
53,0.125,,0.25,,,,,,,,,,,,0.0625,,,,0.1875,,,,,,,,,,,,,0.5625,,,,,,0.125,,,,,,,,,,,,,,,,,,,,,,,,,,,,,,,,,,,,,,,0.1875,,,,,,,,,,
54,0.125,,0.125,,,,,,,,,,,,,,,,,,,,,,,,,,,,,,,,,,,,,,,,,,,,,,,,,,,,,,,,,,,,,,,,0.125,,,,,,,0.5625,,,0.5625,,,,,,,,,,
55,0.0625,0.0625,0.4375,,,,,,,,,,,,,,,,0.0625,,0.125,,,,,,,,,,,0.125,,,,,,0.0625,,,,,,,,,,,,0.0625,,,,,,,,,,,,,,,,,,,,,,,0.0625,0.0625,,,0.125,,,,,,,,,,
56,0.0625,,0.4375,,,,,,,,,,,,,,,,,,0.0625,,,,,,,,,,,0.375,,0.3125,,,,0.125,,,,,,,,,,,,0.0625,,,,,,,,,,,,,,,,,,,,,,,,,,,0.8125,,,,,,,,,,
57,0.0625,,0.375,,,,,,,,,,,,,,,,0.0625,,,,,,,,,,,,0.125,0.125,,,,0.25,,0.125,,,,,,,,,,,,0.0625,,,,,,,,,,,,,,,,,,,,,,,,0.0625,,,0.25,,,,,,,,,,
58,,,0.1875,,,,,0.25,,,,,,,,,,,0.0625,,,,,,,,,,,,0.0625,,,,,,,0.1875,,,,,,,,,,,,,,,,,,,,,,,,,,,0.0625,,,,,,,,,,,,0.4375,,,,,,,,,,
59,,,2.25,,,,,,,,,,,,,,,,,,,,,,,,,,,,0.125,0.625,,,,,,,,,,,,,,,,,,,,,,,,,,,,,,,,,,,,,,,,,,,,,,,,,,,,,,,
60,0.0625,,,,,,,,,,,,,,,,,,,,,,,,,,,,,,,,,,,,,,,,,,,,,,,,,,,,,,,,,,,,,,,,,,,,,,,,,,,,1.4375,,,,,,,,,,
61,,,1.125,0.125,,,,0.375,,,,,,,,,,,,,,,,,,,,,,,0.0625,,,,,0.25,,,,,,,,,,,,,,,,,,,,,,,,,,,,,0.0625,,,,,,,,,,,,,,,,,,,,,,
62,,,,,,,,,,,,,,,,,,,,,0.25,,,,,0.4375,,,,,,0.625,,,,,,0.125,,,,,,,,,,,,,,,,,,,,,,,,,,,,,,,,,,,,,,,0.0625,,,,,,,,,,
63,,,1.625,0.5,,,,,,,,,,,,,,,,,,,,,,,,0.0625,,,0.0625,0.375,,,,0.3125,,,,,,,,,,,,,,,,,,,,,,,,,,,,,0.0625,,,,,,,,,,,,,,,,,,,,,,
64,,,,,,,,,,,,,,,,,,,,,,,,,,,,0.3125,,,0.0625,,,,,,,,,,,,,,,,,,,,,,,,,,,,,,,,,,,,0.625,,,,,,,,,,,,,,,,,,,,
65,,,,,,,,,,,,,,,,,,,0.0625,,,,,,,,,,,,0.125,,,,,,,,,,,,,,,,,,,,,,,,,,,,,,,,,,,,,,,,,,,0.25,,,0.5625,,,,,,,,,,
66,,,,,,,,,,,,,,,,,,,,,,,,,,,,0.125,,,0.0625,,,,,,,,,,,,,,,,,,,,,,,,,0.4375,,,,0.625,,,,,,,,,,,,,,,,,,,,,,,,,,,
67,,,0.3125,,,,,,,0.0625,,,0.25,,,,,,0.5,,,,,,,,,,,,0.0625,0.125,,,,,,0.125,,,,,,,,,,,,,,,,,,,,,,,,,,,,,,,,,,,,,,,,,,,,,,,,,
68,,,,,,,,,,,,,,,,,,,,,,,,,,,,,,,0.0625,,,,,,,,,,,,,,,,,,,,,,,,,,,,,,,,,,,,,,,,,,,0.0625,,,0.875,,,,,,,,,,
69,,,0.25,,,,,,,,,,,,,,,,,,,,,,,,,,,,0.0625,,,,,,,,,,,,,,,,,,,,,,,,,,,,,,,,,,0.0625,,,,,,,,,0.125,,,0.875,,,,,,,,0.125,,
70,,,0.4375,,,,,,,,0.0625,,,,,,,,,,,,,,,,,,,,,0.125,,,,,,0.375,,,,,,,,,,,,,,,,,,,,,,,,,,,,,,,,,,,,,,,,,,,,,,,,,
71,0.0625,,0.5625,,,,,,,,,,,,,,,,,,,,,,,,,,,,0.0625,0.6875,,,,,,0.125,,,,,,,,,,,,,,,,,,,,,,,,,,,,,,,,,,,,,,,,,,,,,,,,,
72,0.0625,,0.125,,,,,,,,,,,,,,,,,,,,,,,,,0.25,,,,,,,,,1.375,,,,,,,,,,,,,,,,,,,,,,,,,,,,,,,,,,,,,0.0625,,,0.0625,,,,,,,0.0625,,,
73,0.125,,,,,,,,,,,,,,,,,,,,,,,,,,,,,,,,,,,,,,,,,,,,,,,,,,,,,,,,,,,,,,,,,,,,,,,,,0.6875,,,0.1875,,,,,,,,,,
74,,,0.3125,,,,,0.0625,,,,,,,,,,,,,,,,,,,,,,,0.125,0.1875,,,,,,0.0625,,,,,,,,,,,,,,,,,,,,,,,,,,,,,0.625,,,,,,,0.125,,,,,,,,,,,,,
75,,,,,,,,,,,,,,,,,,,,,0.0625,,,,,,,,,,0.125,0.1875,,,,,,,,,,,,,,,,,,,,,,,,,,,,,,,,,,,,,,,,,,,,,0.0625,,,,,,,,,,
76,0.0625,,0.0625,,,0.25,,0.3125,,0.125,,,,,,,,,,,,,,,,,,,,,0.0625,0.125,,,,,,,,,,,,,,,,,,,,,,,,,,,,,,,,,,,,,,,,,,,,,,,,,,,,,,,
77,,,0.0625,,,,,,,,,,,,,,,,0.0625,,,,,,,,,,,,0.125,0.0625,,,,,,,,,,,,,,,,,,,,,,,,,,,,,,,,,,,,,,,,,,0.25,,,0.125,,,,,,,,,,
78,,,,,,,,,,,,,,,,,,,,,,,,,,,,,,0.0625,0.0625,,,,,,,,,,,,,,,,,,,,,,,,,,,,,,,,,,0.0625,,,,,,,,,,,,,,,,,,,,,,
79,,,,,,,,,,,,,,,0.5625,0.3125,,,,,,,,,,,,,,,0.0625,,,,,,,,,,,,,,,,,,,0.0625,,,,,,,,,,,,,,,,,,,,,,,,,,,,,,,,,,,,,
80,,,,,,,,,,,,,,,,,,,,,,,,,,,,,,,0.0625,,,,0.0625,,,,,,,,,,,,,,,,,,,,,,,,,,0.0625,,,,,,,,,,,,,,,,0.75,,,,,,,,,,
81,0.0625,,,,,,,,,,,,,,,,,,,,,,,,,,,,,,,,,,,,,,,,,,,,,,,,,,,,,,,,,0.0625,,,,,,,,,,,,,,,,,,,,,,,,,,,,,0.125
82,,,,,,,,,,,,,,,,,,,,,,,,,,,,,,,0.0625,0.125,,,,,,0.0625,,,,,,,,,,,,,,,,,,,,,,,,,,,,,,,,,,,,,,,0.25,,,,,,,,,,
83,,,0.0625,,,,,,,,,,,,,,,,,,,,,,,,,,,,0.125,0.25,,,,0.0625,,,,,,,,,,,,,,,,,,,,,,,,,,,,,,,,,,,,,,0.25,,,0.25,,,,,,,,,,
84,,,0.0625,,,,,,,,,,,,,,,,,,,,,,,,,,,,0.0625,,,,,,0.5625,,,,,,,,,,,,,,,,,,,,,0.25,,,,,,,,,,,,,,,,,,,,,,,,,,0.0625,,,
85,,,,,,,,,,,,,,,,,,,0.125,,0.25,,,,,,,,,,0.125,,,,,,,,,,,,,,,,,,,,,,,,,,,,,,,,,,,,,,,,,,,,,,0.5,,,,,,,,,,
86,0.0625,,,,,,,,,,,,,,,,,,,,0.125,,,,,,,,,,0.0625,,,,,,,,,,,,,,,,,,,,,,,,,,,,,,,,,,,,,,,,,,,0.4375,,,0.3125,,,,,,,,,,
87,,,0.375,,,,,0.125,,,,,,,,,,,0.125,,0.25,,,,,,,,,,0.125,,,,,,,,,,,,,,,,,,,,,,,,,,,,,,,,,,,,,,,,,,,,,,,,,,,,,,,,
88,,,0.125,,,,,0.25,,,,,0.0625,,,,,,,,0.25,,,,,,,,,,0.125,,,,,,,,,,,,,,,,,,,,,,,,,,,,,,,,,,,,,,,0.1875,,,,,,,,,,,,,,,,,
89,,,,,,,,0.5,,,,,,,,,,,,,,,,,,,,,,,0.125,,,,,,,,,,,,,,,,,,,,,,,,,,,,,,,,,,,,,,,,,,,,,,0.375,,,,,,,,,,
90,0.0625,0.5625,,,,,,,,,,,,,,,,0.0625,,,,,,,,,,,,,0.1875,,,,,,,,,,,,,,,,,,,,,,,,,,,,,,,,,,,,,,,,,,0.125,,,,,,,,,,,,,,
91,0.0625,,,,,,,,,,,,,0.0625,,,,,,,,,,,,,,,,,0.0625,,,,,,,,,,,,,,,,,,,,,,,,,,,,,,,,,,,,,,,,,,0.8125,,,,,,,,,,,,,,
92,0.0625,0.375,,,,,,,,,,,,,,,,0.3125,,,,,,,,,,,,,,,,,,,,,,,,,,,,,,,,,,,,,,,,,,,,,,,,,,,,,,,0.1875,,,,,,,,,,,,,,
93,0.125,0.0625,,,,,,,,,,,,,,,,0.125,,,,,,,,,,,,,0.0625,,,,,,,,,,,,,,,,,,,,,,,,,,,,,,,,,,,,,,,,,,0.625,,,,,,,,,,,,,,
94,0.125,0.0625,,,,,,,,,,,,,,,,0.1875,,,,,,,,,,,,,0.125,,,,,,,,,,,,,,,,,,,,,,,,,,,,,,,,,,,,,,,,,,0.5,,,,,,,,,,,,,,
95,0.125,0.125,,,,,,,,,,,,0.375,,,,,,,,,,,,,,,,,,,,,,,,,,,,,,,,,,,,,,,,,,,,,,,,,,,,,,,,,,,0.125,,,,,,,,,,,,,,
96,,,,,,,,,,,,,,,,,,,,,,,,,,,,,,,,,,,,,,,,,,,,,,,,,,,,,,,,,,,,,,,,,,,,,,,,,,,,,,,,0.0625,0.0625,,,,,,
97,,,,,,,,,,,,,,,,,,,,,,,,,,,,,,,,,,,,,,,,,,,,,,0.0625,,,0.3125,,,,,,,,,,,,,,,,,0.0625,,,,,,,,,,,,,,0.0625,,,,,,,
98,,,,,,,,,,,,,,,,,,,,,,,,,,,,,,,,,,,,,,,,,,,,,,0.125,,,0.3125,,,,,,,,,,,,,,,,,,,,,,,,,,,,,,,,0.0625,,,,,,
99,0.125,,1.0,,,,,,,,,,,,,,,,,,,,,,,,,,,,,,,,,,,,,,,,,,,,,,,,,,,,,,,,,,,,,,,,,,,,,,,,,,0.375,,,,,,,,,,
100,,,0.1875,,,,,,,,,,,,,,,,,,,,,,,0.75,,,,,0.125,0.375,,,,,,,,,,,,,,,,,,,,,,,,,,,,,,,,,,,,,,,,,,,,,,,,,,,,,0.0625,,
101,,,,,,,,,,,,,,,,,,,,,,,,0.0625,,,,,,,,0.125,,,,,,,,,,,,,,,,,,,,,,,,,,,,,,,,,,,,,,,,0.0625,,0.4375,,,0.3125,,,,,,,,,,
102,,,,,,0.125,,,,,,,,,,,,,,,,,,,,,,,,,0.0625,,,0.875,,,,,,,,,,,,,,,,0.0625,,,,,,,,,,,,,,,,,,,,,,,,,,,0.375,,,,,,,,,,
103,0.0625,,0.4375,,,,,,,,,,,,0.4375,,,,0.0625,,0.5,,,,,,,,,,,0.0625,,,,,,,,,,,,,,,,,,,,,,,,,,,,,,,,,,,,,,,,,,,,,,,,,,,,,,,
104,,,0.75,,,,,,,,,,,,,,,,,,,,,,,0.125,,,,,0.0625,0.3125,,0.0625,,,,,,,,,,,,,,,,0.0625,,,,,,,,,,,,,,,,,,,,,,,,,,,0.125,,,,,,,,,,
105,0.0625,,0.5,,,,,,,,,,,,,,,,,,,,,,,0.875,,,,,0.0625,0.25,,,,,,0.75,,,,,,,,,,,,,,,,,,,,,,,,,,,,,,,,,,,,,,,,,,,,,,,,,
106,0.125,,0.5625,,,,,,,,,,,,,,,,,,,,,,,,,,,,,0.375,,,,0.25,,,,,,,,,,,,,,,,,,,,,,,,,,,,,,,,,,,,,,,,,0.1875,,,,,,,,,,
107,0.0625,,0.5,,,,,,,,,,,,,,,,0.5,,0.125,,,,,,,,,,0.125,0.8125,,,,,,,,,,,,,,,,,,,,,,,,,,,,,,,,,,,,,,,,,,,,,0.625,,,,,,,,,,
108,0.125,,1.3125,,,,,,,,,,,,,,,,,,,,,,,,,,,,0.0625,1.25,,,,,,,,,,,,,,,,,,,,,,,,,,,,,,,,,,,,,,,,,,,,,,,,,,,,,,,
109,,,0.875,,,,,,,,,,,,,,,,,,,,,,,,,,,,0.125,1.0,,,,,,,,,,,,,,,,,,,,,,,,,,,,,,,,,,,,,,,,,,,,,,,,,,,,,,,
110,,,,1.25,,,,,,,,,,,,,,,,,,,,,,,,,,,0.125,,,,,,,,,,,,,,,,,,,,,,,,,,,,,,,,,,,,,,,,,,,,,,,,,,,,,,0.125,,
111,,,1.0,,,,,,,,,,,,,,,,,,,,,,,,,,,,0.0625,0.125,,,,,,,,,,,,,,,,,,,,,,,,,,,,,,,,,0.0625,,,,,,,,,,,,0.1875,0.0625,,,,,,,,,
112,0.0625,,0.5625,,,,,,,,,,,,,,,,,,,,,,,0.375,,,,,0.0625,0.1875,,,,,,0.125,0.0625,,,,,,,,,,,,,,,,,,,,,,,,,,,,,,,,,,,,,,0.0625,,,,,,,,,,
113,0.125,,0.4375,,,,0.5,,,,,,,,,,,,,,0.125,,,,,,,,,,,,,,,,,,,,,,,,,,,,,,,,,,,,,,,,,,,,,,,,,,,,,0.0625,,,0.0625,,,,,,,,,,
114,,,,,,,,,,,,,,,,,,,0.25,,,,,,,0.375,,,,,0.125,0.625,,,,,,0.125,,,,,,,,,,,,,,,,,,,,,,,,,,,,,,,,,,,,,,,,,,,,,,,,,
115,0.125,,0.25,,,,,,,,,,,,,,,,,,,,,,,,,0.125,,,,0.3125,,,,0.375,,0.3125,,,,,,,,,,,,,,,,,,,,,,,,,,,,,0.5,,,,,,,,,,,,,,,,,,,,
116,,,0.1875,,,,,,,,,,,,,,,,,,,,,,,,,,,,0.125,0.375,,,,0.25,,,,,,,,,,,,,,,,,,,,,,,,,,,,,,,,,,,,,,,,,0.0625,,,,,,,,,,
117,,,0.75,,,,,,,,,,,,,,,,,,,,,,,,,0.0625,,,0.1875,0.375,,,,,,,,,,,,,,,,,,,,,,,,,,,,,,,,,,,,,,,,,,,,,1.0,,,,,,,,,,
118,,,,,,,,0.125,,,,,,,,,,,,,,,,,,,,,,,0.0625,,,,,0.0625,,,,,,,,,,,,,,,,,,,,,,,,,,,,,0.0625,,,,,,,,,,,,1.1875,,,,,,,,,,
119,0.1875,,,,,,,,,,,,,,,,,,,,,,,,,,,,,,,0.1875,,,,,,,,,,,,,,,,,,,,,,,,,,,,,,,,,,,,,,,,,,,,,1.125,,,,,,,,,,
120,0.1875,,,,,,,,,,,,,,,,,,,,,,,,,,,,,,0.1875,0.625,,,,,,,,,,,,,,,,,,,,,,,,,,,,,,,,,,,,,,,,,,,,,0.75,,,,,,,,,,
121,,,0.75,,,,,,,,,,,,,,,,0.25,,0.125,,,,,,,,,,0.0625,0.125,,,,,,,,,,,,,,,,,,0.0625,,,,,,,,,,,,,,,,,0.0625,,,,,,,,,,,,,,,,,,,,
122,,,0.625,,,,,,,,,,,,,,,,,,,,,,,,,,,,0.0625,,,,,,,,,,,,,,,,,,,,,,,,,,,,,,,,,,,,,,,,,,,0.25,,,0.0625,,,,,,,,,,
123,,,,,,,,,,,,,,,,,,,0.1875,,0.1875,,,,,,,,,,0.125,0.25,,,,,,,,,,,,,,,,,,,,,,,,,,,,,,,,,,,0.375,,,,,,,,,,,,,,,,,,,,
124,,,0.5625,,,,,,,,,,,,,,,,,,,,,,,,,,,,0.0625,0.0625,,,,,,,,,,,,,,,,,,,,,,,,,,,,,,,,,,,,,,,,,,,,,0.3125,,,,,,,,,,
125,,,,,,,,,,,,,,,,,,,,,,,,,,,,,,,0.0625,,,,,0.0625,,,,,,,,,,,,,,,,,,,,,,,,,,,,,0.0625,,0.125,,,0.5,,,,,,,0.1875,,,,,,,,,,
126,,,,,,,,,,,,,,,,,,,,,0.3125,,,,,0.375,,,,,0.0625,,,,,,,,,,,,,,,,,,,0.0625,,,,,,,,,,,,,,,,,,,,,,,,,,,0.1875,,,,,,,,,,
127,,,,,,,,,,,,,,,,,,,,,,,,,,,,,,,,,,,,,,0.125,,,,,,,,,,,,,,,,,,,,,,,,,,,,,,,,,,,,,,,0.875,,,,,,,,,,
128,0.0625,,0.5,,,,,,,,,,,,,,,,,,,,,,,,,,,,,,,,,,,,,,,,,,,,,,,,,,,,,,,,,,,,,,,,,,,,,,,,,,0.5,,,,,,,,,0.375,
129,0.0625,,0.125,,,,,,,,,,,,,,,,,,,,,,,,,,,,0.0625,0.75,,,,,,,,,,,,,,,,,,,,,,,,,,,,,,,,,,,,,,,,,,,,,,,,,,,,,,,
130,,,,,,,,,,,,,,,,,,,,,0.0625,,,,,,,,,,0.0625,,,,,0.0625,,,,,,,,,,,,,,,,,,,,,,,,,,,,,0.0625,,,,,0.125,,,,0.25,,,0.875,,,,,,,,,,
131,,,,,,,,,,,,,,,,,,,,,,,,,,,,,,,,,,,,,,,,,,,,,,,0.5,,0.5,,,,,,,,,,,,,,,,,,,,,,,,,,,,,,,,,,,,,,
132,0.0625,0.1875,,,,,,,,,,,,,,,,,,,,,,,0.0625,,,,,,,,,,,,,,,,,,,,,,,,,,,,,,,,,,,,,,,,,,,,,,,,0.6875,,,,,,,,,,,,,,
133,0.0625,0.4375,,,,,,,,,,,,,,,,0.375,,,,,,,,,,,,,0.0625,,,,,,,,,,,,,,,,,,,,,,,,,,,,,,,,,,,,,,,,,,0.0625,,,,,,,,,,,,,,
134,0.125,,,,,,,,,,,,,0.3125,,,,,,,,,,,,,,,,,,,,,,,,,,,,,,,,,,,,,,,,,,,,,,,,,,,,,,,,,,,,,,,,,,,,,,,,,
135,0.0625,,,,,,,,,,,,,,,,,,,,,,,,,,,,,,,,,,,,,,,,,,,,,,,,,,,,,,,,,,,,,,,,,,,,,,,,0.9375,,,,,,,,,,,,,,
136,,0.1875,,,,,,,,,,,,,,,,,,,,,,,,,,,,,,,,,,,,,,,,,,,,,,,,,,,,,,,,,,,,,,,,,,,,,,,0.8125,,,,,,,,,,,,,,
137,0.125,,,,,,,,,,,,,,,,,,,,,,,,,,,,,,,,,,,,,,,,,,,,,,,,,,,,,,,,,,,,,,,,,,,,,,,,,,,,,,,,,,,,,,
138,0.0625,0.125,,,,,,,,,,,,0.375,,,,,,,,,,,,,,,,,,,,,,,,,,,,,,,,,,,,,,,,,,,,,,,,,,,,,,,,,,,0.4375,,,,,,,,,,,,,,
139,0.1875,0.0625,,,,,,,,,,,,,,,,0.0625,,,,,,,,,,,,,,,,,,,,,,,,,,,,,,,,,,,,,,,,,,,,,,,,,,,,,,,0.6875,,,,,,,,,,,,,,
140,,0.4375,,,,,,,,,,,,,,,,,,,,,,,,,,,,,0.1875,,,,,,,,,,,,,,,,,,,,,,,,,,,,,,,,,,,0.375,,,,,,,,,,,,,,,,,,,,,
141,,0.375,,,,,,,,,,,,0.0625,,,,,,,,,,,,,,,,,0.1875,,,,,,,,,,,,,,,,,,,,,,,,,,,,,,,,,,,,,,,,,,0.375,,,,,,,,,,,,,,
142,,0.6875,,,,,,,,,,,,,,,,,,,,,,,,,,,,,0.25,,,,,,,,,,,,,,,,,,,,,,,,,,,,,,,,,,,,,,,,,,0.0625,,,,,,,,,,,,,,
143,0.125,,1.1875,,,,,,,,,,,,,,,,,,,,,,,,,,,,,0.375,,,,,,0.5625,,,,,,,,,,,,,,,,,,,,,,,,,,,,,,,,,,,,,,,,,,,,,,,,,
144,0.625,,0.625,,,,,,,,,,,,,,,,,,0.0625,,,,,0.625,,,,,,0.5,,,,,,0.3125,,,,,,,,,,,,,,,,,,,,,,,,,,,,,,,,,,,,,,,0.25,,,,,,,,0.0625,,
145,,,0.3125,,,,,,,0.3125,,,,,,,,,,,,,0.0625,,,,,,,,0.0625,,,,,,0.3125,0.125,,,,,,,,,,,,,,0.125,,,,,,,,,,,,,,,,,,,,,,,,,0.0625,,,,,,,0.0625,,,
146,,,0.125,,,,,0.375,,,,,,,,,,,,,,,,,,,,0.625,,,0.0625,,,,,0.1875,,0.0625,,,,,,,,,,,,,,,,,,,,,,,,,,,0.125,,,,,,,,,,,,,,,,,,,,,,
147,,,,,,0.75,,,,,,,,,,,,,,,,,,,,,,,,,0.0625,,,0.125,,,,,,,,,,,,,,,,0.0625,,,,,,,,,,,,,,,,,,,0.125,,,,,,,,0.375,,,,,,,,,,
148,,,0.125,,,,,,,,,,,,,,,,,,0.3125,,,,,0.375,,,,,0.125,0.6875,,,,,,,,,,,,,,,,,,,,,,,,,,,,,,,,,,,,,,,,,,,,,0.375,,,,,,,,,,
149,,,0.0625,,,,,,,,,,,,,,,,0.25,,0.1875,,,,,,,,,,0.0625,0.5625,,,,,,,,,,,,,,,,,,,,,,,,,,,,,,,,,,0.375,,,,,,,,,,,,,,,,,,,,,
150,,,0.4375,,,,,,,,,,,,,,,,,,,,,,,,,0.25,,,0.0625,0.125,,,,,,,,,,,,,,,,,,,,,,,,,,,,,,,,,0.0625,,,,,,,,,,,,0.0625,,,,,,,,,,
151,0.0625,,0.1875,,,,,,,,,,,,,,,,,,,,,,,,,,,,,,,,,,,,,,,,,,,,,,,,,,,,,,,,,,,,,,,,,,,,,0.0625,,,,,0.6875,,,,,,,,,,
152,,,0.25,,,,,,,,,,,,,,,,0.125,,,,,,,,,,,,0.0625,,,,,,,,,,,,,,,,,,,,,,,,,,,,,,,,,,0.0625,,,,,,,,,,,,0.5,,,,,,,,,,
153,,,,,,,,,,,0.0625,,0.0625,,,,,,0.375,,0.0625,,,,,,,,,,0.125,0.25,,,,,,,,,,,,,,,,,,,,,,,,,,,,,,,,,,,,,,,,,,,,,0.0625,,,,,,,,,,
154,,,0.25,0.0625,,,,0.0625,,,,,,,,,,,0.125,0.1875,,,,,,,,,,,0.125,0.1875,,,,,,,,,,,,,,,,,,,,,,,,,,,,,,,,,,,,,,,,,,,,,,,,,,,,,,,
155,0.125,,0.3125,,,,,,,,,,,,,,,,,0.125,0.0625,,,,,,,0.375,,,,,,,,,,,,,,,,,,,,,,,,,,,,,,,,,,,,,,,,,,,,,,,,,,,,,,,,,,,
156,0.125,,0.25,,,,,,,,,,,,,,,,0.125,0.0625,0.125,,,,,,,,,,,0.125,,,,,,,,,,,,,,,,,,,,,,,,,,,,,,,,,,,,,,,,,,0.0625,,,0.125,,,,,,,,,,
157,,,0.625,,,,,,,,0.125,,,,,,,,,,,,,,,,,,,,0.125,0.125,,,,,,,,,,,,,,,,,,,,,,,,,,,,,,,,,,,,,,,,,,,,,,,,,,,,,,,
158,,,0.25,,,,,0.1875,,,,,,,,,,,,,,,,0.0625,,,,0.3125,,,,,,,,0.0625,,,,,,,,,,,,,,,,,,,,,,,,,,,,,,,0.0625,,,,,0.0625,,,,,,,,,,,,,,,
159,0.125,,0.5,,,,,,,,,,,,,,,,,,0.0625,,,,,,,,,,,0.125,,,,0.1875,,,,,,,,,,,,,,,,,,,,,,,,,,,,,,,,,,,,,,,,,,,,,,,,,,,
160,0.0625,,0.3125,,,,,0.0625,,,,,,,,,,,,,0.0625,,,,,,,0.125,,,,0.3125,,,,,,,,,,,,,,,,,,,,,,,,,,,,,,,,,0.0625,,,,,,,,,,,,,,,,,,,,,,
161,,,,,,,,,,,,,0.1875,,,,,,,0.3125,,,,,,,,,,,0.125,,,,,,,,,,,,,,,,,,,,,,,,,,,,,,,,,,,,,,,,,,,0.25,,,0.125,,,,,,,,,,
162,,,0.5,,,,,,,,,,,,,,,,,,,,,,,,,,,,0.125,0.25,,,,0.125,,,,,,,,,,,,,,,,,,,,,,,,,,,,,,,,,,,,,,,,,,,,,,,,,,,
163,,,,,,,,,,,,,,,,,,,,,,,,,,,,,,,0.0625,,,,,,,,,,,,,,,,,,,,,,,,,,,,,,,,,,,,,,,,,,,,,,1.4375,,,,,,,,,,
164,,,0.375,,,,,0.0625,,,,,,,,,,,0.0625,,0.0625,,,,,,,0.25,,,0.125,,,,,0.0625,,,,,,,,,,,,,,,,,,,,,,,,,,,,,,,,,,,,,,,,,,,,,,,,,,,
165,,,0.25,,,,,,,,,,,,,,,,,,,,,,,,,0.125,,,0.125,,,,,0.0625,,,,,,,,,,,,,,,,,,,,,,,,,,,,,,,0.1875,,,,0.1875,,,,,,0.0625,,,,,,,,,,
166,0.0625,,,,,,,0.0625,,,,,0.25,,,,,,0.25,,,,,,,,,,,,,,,,,,,,,,,,,,,,,,,,,,,,,,,,,,,,,,0.0625,,,,,,,,,0.1875,,,0.125,,,,,,,,,,
167,,,,,,,,,,,,,0.1875,,,,,,,0.4375,0.25,,,,,,,,,,0.0625,,,,,,,,,,,,,,,,,,,,,,,,,,,,,,,,,,0.0625,,,,,,,,,,,,,,,,,,,,,,
168,,,,,,,,,,,,,,,,,,,0.375,,0.0625,,,,,,,0.125,,,0.0625,,,,,0.25,,,,,,,,,,,,,,,,,,,,,,,,,,,,,0.0625,,,,,,,,,,,,0.0625,,,,,,,,,,
169,,,,,,,,,,,,,,,,,,,0.625,,0.125,,,,,,,,,,0.125,,,,,,,,,,,,,,,,,,,,,,,,,,,,,,,,,,,,,,,,,,,0.125,,,,,,,,,,,,,
170,,,,,,,,,,,,,0.25,,,,,,,,,,,,,,,,,,0.125,,,,,,,,,,,,,,,,,,,,,,,,,,,,,,,,,,,,,,,,,,,0.25,,,0.375,,,,,,,,,,
171,,,,,,,,,,,,,,,,,,,,,,,,,,,,,,,0.0625,,,,,,,,,,,,,,,,,,,,,,,,,,,,,,,,,,0.0625,,,,,,,,,0.4375,,,0.3125,0.125,,,,,,,,,
172,,,,,,,,,,,,,,,,,,,0.1875,,,,,,,0.125,,,,,0.125,,,,,,,,,,,,,,,,,,,,,,,,,,,,,,,,,,,,,,,,,,,0.5625,,,,,,,,,,,,,
173,,,,,,,,,,,,,,,,,,,,,,,,,,,,,,,0.0625,,,,,,,,,,,,,,,,,,,,,,,,,,,,,,,,,,,,,,,,,,,0.4375,,,0.5,,,,,,,,,,
174,0.0625,,,,,,,,,,,,,,,,,,,,,,,,,,,,,,0.0625,0.125,,,,,,,,,,,,,,,,,,,,,,,,,,,,,,,,,,,,,,,,,,0.75,,,,,,,,,,,,,
175,0.0625,,0.125,,,,,,,,,0.1875,,,,,,,,,,,,,,,,,,,0.0625,,,,,,,,,,,,,,,,,,,,,,,,,,,,,,,,,,,,,,,,,,,,0.375,,0.125,0.0625,,,,,,,,,
176,0.125,,,,,,,,,,,,,,,,,,0.1875,0.3125,0.375,,,,,,,,,,,,,,,,,,,,,,,,,,,,,,,,,,,,,,,,,,,,,,,,,,,,,,,,,,,,,,,,,,
177,0.125,,,,,,,,,,,,,,,,,,0.25,,,,0.125,,,,,,,,,0.125,,,,,,,,,,,,,,,,,,,,,,,,,,,,,,,,,,,,,,,,,,,,,,,,,,,,,,,
178,,,0.125,,,,,,,,,,,,,,,,,,,,,0.0625,,1.0,,0.25,,,,,,,,,,,,,,,,,,,,,,,,,,,,,,,,,,,,,,,,,,,,0.0625,,,,,,,,,,,,,,,
179,0.125,,0.3125,0.0625,,,,0.125,,,0.0625,,,,,,,,,,,,,,,,,,,,,0.0625,,,,,,,,,,,,,,,,,,,,,,,,,,,,,,,,,,,,,,,,,,,,,0.25,,,,,,,,,,
180,0.0625,,0.125,,,,,,,,,,,,,,,,0.125,,,,,,,,,,,,0.0625,,,,,,,,,,,,,,,,,,,,,,,,,,,,,,,,,,,,,,,,,,,0.375,,,0.1875,,,,,,,,,,
181,,,,,,,,,,,,,,,,,,,,,0.25,,,,,0.6875,,0.0625,,,0.125,,,,,0.0625,,,,,,,,,,,,,,,,,,,,,,,,,,,,,,,,,,,,,,0.25,,,,,,,,,,,,,
182,,,,,,,,,,,,,,,,,,,,,,,,,,,,0.25,,,,,,,,,,0.5,,,,,,,,,,,,,,,,,,,,,,,,,,,,,1.125,,,0.125,,,,,,,,,,,,,,,,,
183,,,,,,,,,,,,,,,,,,,,,,,,,,,,,,,,,,,,,,0.25,,,,,,,,,,,,,,,,,,,,,,,,,,,,,,,,0.1875,,,,0.5625,,,,,,,,,,,,,
184,,,,,,,,,,,,,,,,,,,,,,,,,,,,0.0625,,,,,,,,,,0.375,,,,,,,,,,,,,,,,,,,,,,,,,,,,,,,,,,,,,,,0.5625,,,,,,,,,,
185,,,0.1875,,,,,,,,,,,,,,,,,,,,,,,0.3125,,,,,,0.375,,,,,,0.125,,,,,,,,,,,,,,,,,,,,,,,,,,,,,,,,,,,,,,,,,,,,,,,,,
186,,,0.125,,,,,,,,,,,,,,,,,,0.75,,,,,,,,,,0.0625,,,,,,,,,,,,,,,,,,,,,,,,,,,,,,,,,,,,,,,,,,,,,,0.0625,,,,,,,,,,
187,,,0.1875,,,,,,,,,,,,,,,,0.1875,,0.3125,,,,,0.125,,,,,,0.0625,,,,,,0.125,,,,,,,,,,,,,,,,,,,,,,,,,,,,,,,,,,,,,,,,,,,,,,,,,
188,,,,,,,,,,,,,,,,,,,,,,,,,,0.1875,,,,,0.125,0.6875,,,,,,,,,,,,,,,,,,,,,,,,,,,,,,,,,,,,,,,,,,,,,,,,,,,,,,,
189,,,0.125,,,,,0.0625,,,,,,,,,,,,,,,,,,,,,,,0.0625,,,,,0.0625,,,,,,,,,,,,,,,,,,,,,,,,,,,,,0.0625,,,,,,,,,,,,0.625,,,,,,,,,,
190,,,0.5,,,,,,,,,,,,,,,,,,,,,,,,,,,,0.125,0.125,,,,,,,,,,,,,,,,,,,,,,,,,,,,,,,,,,,,,,,,,,,,,0.25,,,,,,,,,,
191,,,,,,,,,,,,,0.25,,,,,,0.25,,,,,,,,,,,,0.125,0.1875,,,,,,,,,,,,,,,,,,,,,,,,,,,,,,,,,,,,,,,,,,0.0625,,,0.625,,,,,,,,,,
192,,,,,,,,,,,,,,,,,,,,,,,,0.0625,,,,0.1875,,,,,,,,,,,,,,,,,,,,,,,,,,,,,,,,,,,,,,,0.125,0.25,,0.25,,0.0625,,,,,0.0625,,,,,,,,,,
193,,,0.0625,,,,,,,,,,,,,,,,,,,,,,,,,,,,0.0625,,,,,,,,,,,,,,,,,,,,,,,,,,,,,,,,,,0.0625,,,,,,,,,,,,0.8125,,,,,,,,,,
194,,,,,,,,,,,,,0.1875,,,,,,0.3125,,0.1875,,,,,,,,,,0.125,0.125,,,,,,0.0625,,,,,,,,,,,,,,,,,,,,,,,,,,,,,,,,,,,,,,,,,,,,,,,,,
195,,,0.125,,,,,,,,,,,,,,,,0.125,,0.125,,,,,,,0.0625,,,0.0625,0.0625,,,,,,0.0625,,,,,,,,,,,,,,,,,,,,,,,,,,,,,,,,,,,,0.375,,,,,,,,,,,,,
196,0.0625,,0.25,,,,,,,,,,,,,,,,1.0625,,,,,,,,,,,,,0.0625,,,,,,,,,,,,,,,,,,,,,,,,,,,,,,,,,,,,,,,,,,,,,0.0625,,,,,,,,,,
197,,,,,,,,,,,,,0.3125,,,,,,,,,,,,,,,,,,,,,,,,,0.125,,,,,,,,,,,,,,,,,,,,,,,,,,,,,0.1875,,,,,,,,,,0.375,,,,,,,,,,
198,,,0.125,,,,,,,,,,,,,,,,,,,,,0.0625,,,,0.0625,,,,,,,,,,,,,,,,,,,,,,,,,,,,,,,,,,,,,,,,,,,,0.0625,,0.6875,,,,,,,,,,,,,
199,,,,,,,,,,,,,,,,,,,,,,,,,,,,,,0.875,0.125,,,,,,,,,,,,,,,,,,,,,,,,,,,,,,,,,,,,,,,,,,,,,,,,,,,,,,,,
200,,,,,,,,,,,,,,,,,,,,,,,,,,,,,,,0.0625,,,,,0.0625,,,,,,,,,,,,,,,,,,,,,,,,,,,,,0.0625,,,,,,,,,0.125,,,0.6875,,,,,,,,,,
201,,,,,,,,,,,,,,,,,,,,,,,,,,,,,,,0.125,,,,,,,,,,,,,,,,,,,,,,,,,,,,,,,,,,,,,,,,,,,0.125,,,0.75,,,,,,,,,,
202,,,0.3125,,,,,0.0625,,,,,,,,,,,,,,,,,,,,,,,0.125,,,,,,,,,,,,,,,,,,,,,,,,,,,,,,,,,,,,,,,,,,,0.125,,,0.375,,,,,,,,,,
203,,,,,,,,,,,,,,,,,,,,,,,,,,,,,,,0.125,,,,,,,,,,,,,,,,,,,,,,,,,,,,,,,,,,,,,,,,,,,,,,0.875,,,,,,,,,,
204,,,,,,,,,,,,,,,,,,,,,,,,,,,,,,,0.0625,,,,,,,,,,,,,,,,,,,,,,,,,,,,,,,,,,0.0625,,,,,0.0625,,,,,,,0.8125,,,,,,,,,,
205,,,,,,,,,,,,,,,,,,,,,,,,,,,,,,,0.125,,,,,,,,,,,,,,,,,,,,,,,,,,,,,,,,,,,,,,,0.1875,,,,0.25,,,0.4375,,,,,,,,,,
206,,,,,,,,0.1875,,,,,,,,,,,0.1875,,0.0625,,,,,,,,,,0.0625,,,,,,,,,,,,,,,,,,,,,,,,,,,,,,,,,,0.0625,,,,,,,,,,,,0.4375,,,,,,,,,,
207,,,,,,,,,,,,,,,,,,,,,,,,,,,,,,,0.125,,,,,,,,,,,,,,,,,,,,,,,,,,,,,,,,,,,,,,,,,,,,,,0.875,,,,,,,,,,
208,,,,,,,,,,,,,0.125,,,,,,0.1875,,0.0625,,,,,,,,,,0.0625,,,,,0.125,,,,,,,,,,,,,,,,,,,,,,,,,,,,,0.0625,,,,,0.125,,,,,,,0.25,,,,,,,,,,
209,,,,,,,,,,,,,0.3125,,,,,,,,,,,,,,,,,,0.125,,,,,,,,,,,,,,,,,,,,,,,,,,,,,,,,,,,,,,,,,,,0.4375,,,0.125,,,,,,,,,,
210,,,,,,,,,,,,,0.125,,,,,,,,,,,,,,,,,,0.125,0.125,,,,0.0625,,,,,,,,,,,,,,,,,,,,,,,,,,,,,,,0.3125,,,,,,,0.0625,,,0.1875,,,,,,,,,,
211,,,0.3125,,,,,,,,,,,,,,,,,,,,,,,,,,0.1875,,0.125,0.0625,,,,,,,,,,,,,,,,,,,,0.1875,,,,,,,,,,,,,,,,,,,,,,,,,,,,,,,,,,,
212,,,0.1875,,,,,,,,,,,,,,,,,,0.0625,,,,,,,0.0625,,,0.0625,0.4375,,0.0625,,,,,,,,,,,,,,,,0.0625,,0.1875,,,,,,,,,,,,,,,,,,,,,,,,,0.125,,,,,,,,,,
213,0.0625,,,,,0.25,,,,,,,,,,,,,,,,,,,,,,,0.3125,,,,,,,,,,,,,,,,,,,,,0.0625,,,,,,,,0.0625,,,,,,,,,,,0.0625,,,,,,,,0.125,,,,,,,,,,
214,0.125,0.0625,0.125,,,,,,0.0625,,,,,,,,,,,,,,,,,,,0.1875,,,,,,,,,,,,,,,,,,,,,,,,,,,,,,,,,,,,,,,0.0625,,,,,,,,,,0.0625,,,,,,,,,,
215,0.0625,,,,,,,,,,,,,,,,,,,,,,,,,,0.0625,,0.0625,,0.0625,0.0625,,,,,,,,,,,,,,,,,,,,0.5,,,,,,,,,,,,,,,0.125,,,,,,,,,,,,,,,,,,,,
216,0.0625,,,,,,,,,,,,,,,,,,,,,,,,,,,0.125,0.1875,,,,0.125,,,,,,,,,,0.0625,0.0625,,,,,,,,,,,,,,,,,,,,,,,,,,,,,,,,,,,,,,,,,,,
217,,,0.1875,,,,,,,,,,,,,,,,,,,,,,,,,,0.25,,0.0625,,,0.0625,,,,,,,,,,,,,,,,,,0.1875,,0.0625,,,,,,,,,,,,,,,,,,,,,,,0.125,,,,,,,,,,
218,,,1.0,,,,,,,,,,,,,,,,,,0.0625,,,,,,,,,,0.0625,,,,,0.25,,,,,,,,,,,,,,,,,,,,,,,,,,,,,0.0625,,,,,,,,,,,,0.0625,,,,,,,,,,
219,,,0.375,,,,,0.125,,,,,,,,,,,,,0.125,,,,,,,,,,0.0625,,,,,,,,,,,,,,,,,,,,,,,,,,,,,,,,,,0.0625,,,,,,,,,,,,0.25,,,,,,,,,,
220,,0.125,0.4375,,,,,,,,,,,,,,,,0.125,,,,,,,,,,,,0.0625,0.125,,,,0.0625,,,,,,,,,,,,,,,,,,,,,,,,,,,,,0.0625,,,,,,,,,,,,,,,,,,,,,,
221,,0.375,,,,,,,,,,,,,,,,,,,0.5,,,,,,,,,,0.125,,,,,,,,,,,,,,,,,,,,,,,,,,,,,,,,,,,,,,,,,,,,,,,,,,,,,,,,
222,,,,,,,,,,,,,,,,,,,0.4375,,,,,,,,,,,,0.125,0.1875,,,,,,,,,,,,,,,,,,,,,,,,,,,,,,,,,,,,,,,,,,,,,0.25,,,,,,,,,,
223,,,0.5,,,,,,,,,,,,,,,,,,,,,,,,,,,,0.0625,0.3125,,,,,,,,,,,,,,,,,,,,,,,,,,,,,,,,,,,,,,,,,,0.5,,,0.125,,,,,,,,,,
224,,,,,,,,,,0.0625,,,,,,,,,,,,,,,,,,,,,0.125,,,,,0.1875,0.25,,,,,,,,,,,,,,,,,,,,,,,,,,,,,,,,,,,,,0.0625,,,0.3125,,,,,,,,,,
225,,,0.375,,,,,0.0625,,,0.0625,,,,,,,,,,,,,0.0625,,,,0.0625,,,,,,,,,,,0.0625,,,,,,,,,,,,,,,,,,,,,,,,,,,,,,,,,0.0625,,,,,0.25,,,,,,,,,,
226,,,0.375,,,0.125,,,,,,,0.1875,,,,,,,,,,,,,,,,,,0.0625,,,,,0.0625,,,,,,,,,,,,,,0.0625,,,,,,,,,,,,,,,,,0.0625,,,,,,,,,,0.0625,,,,,,,,,,
227,,,,,,,,,,,,,,,,,,,0.3125,,,,,,,,,,,,0.125,0.3125,,,,,,,,,,,,,,,,,,,,,,,,,,,,,,,,,,,,,,,,,,0.0625,,,0.1875,,,,,,,,,,
228,,,0.4375,,,,,,,,,,,,0.1875,,,,,,,,,,,,,,,,0.0625,,,,,,,,0.0625,,,,,,,,,,,0.0625,,,,,,,,,,,,,,,,,,,,,,,,0.125,,,0.0625,,,,,,,,,,
229,0.125,,2.0,,,,,,,,,,,,,,,,0.5,,,,,,,,,,,,0.25,0.0625,,1.3125,,0.125,,0.0625,,,,,,,,,,,,0.25,,,,,,,,,,,,,,,0.125,,,,,,,,,,,,0.6875,,,,,,,,,,
230,0.0625,0.25,,,,,,,,,,,,,,,,,,,,,,,,,,,,,0.0625,,,,,,,,,,,,,,,,,,,,,,,,,,,,,,,,,,,0.3125,,,,,,,0.3125,,,,,,,,,,,,,,
231,0.0625,0.5,,,,,,,,,,,,,,,,,,,,,,,,,,,,,0.25,,,,,,,,,,,,,,,,,,,,,,,,,,,,,,,,,,,,,,,,,,0.1875,,,,,,,,,,,,,,
232,,,,,,,,,,,,,,,,,,,,,,,,,,,,,,,,,,,,,,,,,,,,,,,,,,,,,,,,,,,,,,,,,,,,,,,,,1.0,,,,,,,,,,,,,,
233,0.125,0.375,,,,,,,,,,,,,,,,,,,,,,,,,,,,,,,,,,,,,,,,,,,,,,,,,,,,,,,,,,,,,,,,,,,,,,,0.5,,,,,,,,,,,,,,
234,0.0625,0.8125,,,,,,,,,,,,,,,,,,,,,,,,,,,,,0.0625,,,,,,,,,,,,,,,,,,,,,,,,,,,,,,,,,,,,,,,,,,0.0625,,,,,,,,,,,,,,
235,0.0625,,,,,,,,,,,,,0.125,,,,,,,,,,,,,,,,,0.0625,,,,,,,,,,,,,,,,,,,,,,,,,,,,,,,,0.125,,,0.125,,,,,,,0.5,,,,,,,,,,,,,,
236,0.125,0.0625,,,,,,,,,,,,,,,,0.3125,,,,,,,,,,,,,0.0625,,,,,,,,,,,,,,,,,,,,,,,,,,,,,,,,,,,,,,,,,,0.4375,,,,,,,,,,,,,,
237,0.125,0.1875,,,,,,,,,,,,,,,,0.0625,,,,,,,,,,,,,0.0625,,,,,,,,,,,,,,,,,,,,,,,,,,,,,,,,,,,0.3125,,,,,,,0.125,,,,,,,,,,,,,,
238,0.125,0.5,,,,,,,,,,,,,,,,,,,,,,,,,,,,,0.0625,,,,,,,,,,,,,,,,,,,,,,,,,,,,,,,,,,,0.3125,,,,,,,,,,,,,,,,,,,,,
239,,0.5625,,,,,,,,,,,,,,,,0.1875,,,,,,,,,,,,,0.3125,,,,,,,,,,,,,,,,,,,,,,,,,,,,,,,,,,,0.125,,,,,,,0.3125,,,,,,,,,,,,,,
240,0.125,,,,,,,,,,,,,,,,,,,,,,,,,,,,,,,,,,,,,,,,,,,,,,,,,,,,,,,,,,,,,,,,,,,,,,,,0.875,,,,,,,,,,,,,,
241,0.125,,,,,,,,,,,,,,,,,,,,,,,,,,,,,,,,,,,,,,,,,,,,,,,,,,,,,,,,,,,,,,,,,,,,,,,,0.875,,,,,,,,,,,,,,
242,0.125,0.125,,,,,,,,,,,,,,,,,,,,,,,,,,,,,0.0625,,,,,,,,,,,,,,,,,,,,,,,,,,,,,,,,,,,0.375,,,,,,,0.3125,,,,,,,,,,,,,,
243,,,0.1875,,,,,,,,,,0.1875,,,,,,,,0.9375,,,,,0.125,,,,,0.0625,0.125,,,,,,,,,,,,,,,,,,,,,,,,,,,,,,,,,,,,,,,,,,,,,,,,,,,,,,,
244,,,,,,0.5,,,,,,,,,,,,,,,,,,,,,,,,,,0.25,,0.125,,,,,,,,,,,,,,,,,0.0625,,,0.0625,,,0.125,,,,,,,,,,,,,,,,,,,0.25,0.625,,,,,,,,,,
245,0.0625,0.25,,,,,,,,,,,,,,,,,,,,,,,,,,,,,,,,,,,,,,,,,,,,,,,,,,,,,,,,,,,,,,,,,,,,,,,,,,,0.6875,,,,,,,,,,
246,0.125,0.1875,,,,,,,,,,,,,,,,0.125,,,,,,,,,,,,,,,,,,,,,,,,,,,,,,,,,,,,,,,,,,,,,,,,,,,,,,,0.5625,,,,,,,,,,,,,,
247,0.0625,,,,,,,,,,,,0.3125,,,,,,,,,,,,,,,,,,0.0625,,,,,,,,,,,,,,,,,,,,,,,,,,,,,,,,,,,,,,,,,,,0.0625,,,0.5,,,,,,,,,,
248,,,,,,,,,,,,,,,,,,,,,,,,,,,,,,,0.0625,,,,,,,,,,,,,,,,,,,,,,,,,,,,,,,,,,0.0625,,,,,0.0625,,,,0.25,,,0.5625,,,,,,,,,,
249,,,,,,,,,,,,,,,,,,,,,,,,,,,,,,,0.125,0.375,,,,,,,,,,,,,,,,,,,,,,,,,,,,,,,,,,,0.4375,,,,,,,,,,0.0625,,,,,,,,,,
250,,,,,,,,,,,,,,,,,,,0.25,,,,,,,,,,,,0.0625,,,,,0.1875,,,,,,,,,,,,,,,,,,,,,,,,,,,,,0.0625,,0.0625,,,0.125,0.25,,,,,,,,,,,,,,,,
251,,,,,,,,,,,,,,,,,,,,,,,,,,,,,,,0.125,0.1875,,,,0.125,,,,,,,,,,,,,,,,,,,,,,,,,,,,,,,0.0625,,,0.125,,,,,,,0.0625,,,,,,,,,,
252,,,0.3125,,,,,,,,,,0.0625,,,,,,,,0.125,,,,,,,,,,0.125,,,,,0.1875,,,,,,,,,,,,,,,,,,,,,,,,,,,,,,,,,,,,,,,,,0.1875,,,,,,,,,,
253,0.0625,,,,,,,,,,,,,,,,,,,,,,,,,,,,,,,,,,,,,,,,,,,,,,,,,,,,,,,,,,,,,,,,0.0625,,,,,,,,,,,,0.875,,,,,,,,,,
254,,,,,,,,0.0625,,,,,,,,,,,,,,,,,,,,,,,0.0625,,,,,,,,,,,,,,,,,,,,,,,,,,,,,,,,,,0.0625,,,,,,,,,,,,0.8125,,,,,,,,,,
255,0.125,0.25,,,,,,,,,,,,0.0625,,,,,,,,,,,,,,,,,,,,,,,,,,,,,,,,,,,,,,,,,,,,,,,,,,,,,,,,,,,0.5625,,,,,,,,,,,,,,
256,0.1875,0.125,,,,,,,,,,,,,,,,0.0625,,,,,,,,,,,,,,,,,,,,,,,,,,,,,,,,,,,,,,,,,,,,,,,,,,,,,,,,,,,,,,,,,,,,,
257,0.125,,,,,,,,,,,,,,,,,,,,,,,,,,,,,,,,,,,,,,,,,,,,,,,,,,,,,,,,,,,,,,,,,,,,,,,,0.875,,,,,,,,,,,,,,
258,0.125,0.375,,,,,,,,,,,,,,,,,,,,,,,,,,,,,,,,,,,,,,,,,,,,,,,,,,,,,,,,,,,,,,,,0.375,,,,,,,0.125,,,,,,,,,,,,,,
259,0.0625,,,,,,,,,,,,,0.125,,,,0.0625,,,,,,,,,,,,,,,,,,,,,,,,,,,,,,,,,,,,,,,,,,,,,,,,,,,,,,,0.6875,,,,,,,,,,,,0.0625,,
260,,,0.8125,,,0.0625,,,,,,,,,,,,,,,,,,,,,,0.25,,,0.0625,0.375,,,,0.375,,,,,,,,,,,,,,,,,,,,,,,,,,,,,0.0625,,,,,,,,,,,,,,,,,,,,,,
261,,,0.125,,,,,,,,,,,,,,,,,,1.0,,,,,,,,,,,0.25,,,,,,0.375,,,,,,,,,,,,,,,,,,,,,,,,,,,,,,,,,,,,,,,,,,,,,,,,,
262,,,0.375,,,,,,,,,,,,,,,,0.9375,,,,,,,,,,,,0.125,0.0625,,,,,,,,,,,,,,,,,,,,,,,,,,,,,,,,,,,,,,,,,,,,,,,,,,,,,,,
263,,,,,,,,,,,,,,,,,,,0.6875,,,,,,,,,,,,0.125,,,,,,,,,,,,,,,,,,,,,,,,,,,,,,,,,,,,,,,,,,,0.0625,,,0.125,,,,,,,,,,
264,,,1.3125,,,,,,,,,,,,,,,,,,,,,,,,,,,,0.125,0.0625,,,,,,,,,,,,,,,,,,,,,,,,,,,,,,,,,,,,,,,,,,,,,,,,,,,,,,,
265,,,,,,,,,,,,,0.375,,,,,,,,,,,,,,,,,,0.1875,,,,,,,,,,,,,,,,,,,,,,,,,,,,,,,,,,,,,,,,,,,,,,0.9375,,,,,,,,,,
266,,,,,,,,,,,,,,,,,,,,,,,,,,,,,,,0.125,,,,,,,,,,,,,,,,,,,,,,,,,,,,,,,,,,,,,,,,,,,,,,0.875,,,,,,,,,,
267,,,0.9375,,,,,,,,,,0.125,,,,,,,,0.125,,,,,,,,,,0.0625,,,,,,,,,,,,,,,,,,,,,,,,,,,,,,,,,,,,,,,,,,,,,,0.25,,,,,,,,,,
268,,,0.1875,,,,,,,,,,,,,,,,0.25,,0.4375,,,,,,,,,,0.125,0.0625,,,,,,,,,,,,,,,,,,,,,,,,,,,,,,,,,,,,,,,,,,,,,0.1875,,,,,,,,,,
269,,,,,,,,,,,,,,,,,,,,,,,,,,,,,,,0.125,,,,,,,,,,,,,,,,,,,,,,,,,,,,,,,,,,,,,,,,,,,,,,1.375,,,,,,,,,,
270,,,,,,,,,,,,,,,,,,,,,,,,,,,,,,,0.125,,,,,,,,,,,,,,,,,,,,,,,,,,,,,,,,,,,,,,,,,,,0.125,,,0.75,,,,,,,,,,
271,,,,,,,,,,,,,0.375,,,,,,0.5,,,,,,,,,,,,0.125,,,,,,,,,,,,,,,,,,,,,,,,,,,,,,,,,,,,,,,,,,,,,,,,,,,,,,,,
272,,,0.0625,,,,,,,,,,,,,,,,,,,,,,,,,,,,0.125,0.125,,,,,,,,,,,,,,,,,,,,,,,,,,,,,,,,,,,,,,,,,,0.625,,,0.5625,,,,,,,,,,
273,,,,,,,,,,,,,,,,,,,,,0.375,,,,,,,,,,0.125,,,,,,,,,,,,,,,,,,,,,,,,,,,,,,,,,,,,,,,,,,,0.4375,,,0.0625,,,,,,,,,,
274,,,,,,,,,,,,,,,,,,,,,,,,,,,,,,,0.125,,,,,,,,,,,,,,,,,,,,,,,,,,,,,,,,,,,,,,,,,,,0.75,,,0.125,,,,,,,,,,
275,,,,,,,,,,,,,,,,,,,,,,,,,,,,,,,0.0625,0.0625,,,,,,,,,,,,,,,,,,,,,,,,,,,,,,,,,,,,,,,,,,,,,0.875,,,,,,,,,,
276,,,0.0625,,,,,,,,,,,,,,,,,,,,,,,,,,,,0.1875,0.125,,,,,,,,,,,,,,,,,,,,,,,,,,,,,,,,,,,,,,,,,,0.625,,,0.125,,,,,,,,,,
277,,,0.25,,,,,,,,,,,,,,,,,,,,,,,,,0.125,,,0.125,,,,,,,,,,,,,,,,,,,,,,,,,,,,,,,,,,,,,,,,,,,0.4375,,,0.0625,,,,,,,,,,
278,,0.5,,,,,,,,,,,,,,,,0.25,,,,,,,,,,,,,0.1875,,,,,,,,,,,,,,,,,,,,,,,,,,,,,,,,,,,,,,,,,,0.0625,,,,,,,,,,,,,,
279,0.0625,,,,,,,,,,,,,,,,,,,,,,,,,,,,,,,,,,,,,,,,,,,,,,,,,,,,,,,,,,,,,,,,,,,,,,,,0.9375,,,,,,,,,,,,,,
280,,,,,,,,,,,,,,,,,,,,,,,,,,,,,,,,,,,,,,,,,,,,,,,,,0.0625,,,,,,,,,,0.125,,,,,,,,,,,,,,0.1875,,,,,,,0.0625,,,,,,,
281,,,,,,,,,,,,,,,,,,,,,,,,,,,,,,,,,,,,,,,,,,,,,,,,,,,,,,,,,,,,,,,0.0625,,,0.125,,,,,,0.0625,0.25,,,,,,0.0625,0.0625,0.0625,0.3125,,,,,
282,,,,,,,,,,,,,,,,,,,,,,,,,,,,,,,,,,,,,,,,,,,,,,0.0625,0.125,,0.0625,,,,,,,,,,,,,,,,,0.125,,,,,,,,,,,,,,,0.0625,0.0625,,,,,
283,,0.0625,,,,,,,,,,,,,,,,,,,,,,,,,,,,,,,,,,,,,,,,,,0.125,,,,,,,,,,,,,,,,,,,,,,0.0625,,,,,,,,,,,,,0.0625,,0.0625,,0.125,,,,
284,,,,,,,,,,,,,,,,,,,,,,,,,,,,,,,,,,,,,,,,,,,,0.125,,,0.125,,,,,,,,,,,,,,,,,,,,,,,,,,,,,,,,,0.0625,,,,,,,
285,,,,,,,,,,,,,,,,,,,,,,,,,,,,,,,,,,,,,,,,,,,,,,0.125,,,0.125,,,,,,,,,,,,,,,,,0.0625,,,,,,,,,,,,,,,,,0.125,,,,
286,,,,,,,,,,,,,,,,,,,,,,,,,,,,,,,,,,,,,,,,,,,,,,,0.125,,,,,,,,,,,,,,,,,,,0.0625,,,,,,,,,,,,,0.125,,,0.0625,,,,,
287,,,,,,,,,,,,,,,,,,,,,,,,,,,,,,,,,,,,,,,,,,,,0.0625,,0.125,,,0.125,,,,,,,,,,,,,,,,,,,,,,,,,,,,,,,,,,,,,,
288,,,,,,,,,,,,,,,,,,,,,,,,,,,,,,,,,,,,,,,,,,,,,,,,,,,,,,,,,,,,,,,,,,0.125,,,,,,,0.5,,,,,,0.125,,,,,,,,
289,,,,,,,,,,,,,,,,,,,,,,,,,,,,,,,,,,,,,,,,,,,,,,,,,,,,,,,,,,,,,,,,,,0.125,,,,,,,,,,,,,,0.0625,,0.1875,0.125,,,,
290,,,,,,,,0.1875,,,,,,,,,,,,,,,,,,,,0.0625,,,0.0625,,,,,,,,,,,,,,,,,,,,,,,,,,,,,,,,,,0.0625,,,,,,,,,,,,0.5625,,,,,,,,,,
291,,,,,,,,,,,,,,,,,,,,,0.0625,,,,,,,,,,0.0625,,,,,0.0625,,,,,,,,,,,,,,,,,,,,,,,,,,,,,0.0625,,,,,,,,,0.0625,,,0.6875,,,,,,,,,,
292,,,0.1875,,,,,0.1875,,,,,,,,,0.0625,,0.0625,,0.25,,,,,,,,,,,,,,,,,,,,,0.0625,,,,,,,,,,,,,,,,,,,,,,,,,,,,,,,,,,,0.125,,,,,,,,0.0625,,
293,,,0.5,,,,,,,,,,,,,,0.375,,,,0.0625,,,,,,,,,,,,,,,,,,,,0.0625,0.0625,,,,,,,,,,,,,,,,,,,,,,,,,,,,,,,,,,,0.25,,,,,,,,0.0625,,0.125
294,,,,,,,,,,,,,,,,,,,,,,,,,,,,,,,,,,,,,,,,,,0.0625,,,,,,,,,,,,,,,,,,,,,,,,,,,,,,,,,,,1.1875,,,,,,,,0.0625,,0.1875
295,,,0.125,,,,,,,,,,,,,,0.125,,,,,,,,,,,,,,,,,,,,,,,,,0.0625,,,,,,,,,,,,,,,,,,,,,,,,,,,,,,,,,,,0.5625,,,,,,,,0.0625,0.0625,
296,,,,,,,,0.9375,,,,,,,,,,,,,,,,,,,,,,,0.0625,,,,,0.0625,,,,,,,,,,,,,,,,,,,,,,,,,,,,,0.0625,,,,,,,,,,,,0.375,,,,,,,,,,
297,,,0.6875,,,,,,,,,,,,,,,,,,,,,0.0625,,,,0.1875,,,,,,,,,,,,,,,,,,,,,,,,,,,,,,,,,,,,,,,,,,,,0.0625,,,,,,,,,,,,,,,
298,,,,,,,,,,,,,,,,,,,,,,,,0.0625,,,,0.0625,,,,,,,,,,,,,,,,,,,,,,,,,,,,,,,,,,,,,,,,,,,,0.0625,,,,,0.8125,,,,,,,,,,
299,,,,,,,,0.1875,,,,,,,,,,,,,0.0625,,,0.0625,,,,0.125,,,,,,,,,,,,,,,,,,,,,,,,,,,,,,,,,,,,,,,,,,0.0625,,0.0625,,,,,0.4375,,,,,,,,,,
300,,,,,,,,,,,,,,,,,,,,,,,,,,,,,,,0.125,,,,,,,,,,,,,,,,,,,,,,,,,,,,,,,,,,,,,,,,,,,0.125,,,0.75,,,,,,,,,,
301,,,,,,,,,,,,,,,,,,,,,,,,,,,,,,,,,,,,,,,,0.0625,,,,,,,,,,,,,,,,,,,,,,,,,,,,,,,,,,,,,0.875,,,,,,,,0.0625,,
302,,,,,,,,,,,,,,,,,,,,,,,,0.0625,,,,0.25,,,,,,,,,,,,,,,,,,,,,,,,,,,,,,,,,,,,,,,,,,,,0.0625,,,,,0.625,,,,,,,,,,
303,,,0.375,,,,,,,,,,,,,,,,0.25,,0.3125,,,0.0625,,,,,,,,0.3125,,,,,,,,,,,,,,,,,,,,,,,,,,,,,,,,,,,0.125,,,,,0.0625,,,,,,,,,,,,,,,
304,,,0.3125,,,,,,,,,,,,,,,,,,0.75,,,,,,,,,,,1.0625,,,,,,0.0625,,,,,,,,,,,,,,,,,,,,,,,,,,,,,,,,,,,0.0625,,,,,,,,,,,,,,
305,,,0.25,,,,,,,,,,,,,,,,,,,,0.4375,,,,,,,,0.125,,,,,,,,,,0.0625,,,,,,,,,,,,,,,,,,,,,,,,,,,,,,,,,,,0.0625,0.0625,,,,,,,,,,
306,,,0.5,,,,,0.125,,,,,,,,,,,,,,,,,,,,,,,0.0625,,,,,0.125,,,,,,,,,,,,,,,,,,,,,,,,,,,,,0.0625,,,,,,,,,,,,0.625,,,,,,,,,,
307,,,0.0625,,,,,,,,,,,,,,,,0.3125,,0.1875,,,,,,,0.1875,,,0.0625,,,,,,,,,,,,,,,,,,,,,,,,,,,,,,,,,,,,,,,,,,,,,,0.1875,,,,,,,,,,
308,,,0.25,,,,,,,,,,,,,,,,,,,,,,,,,0.0625,,,0.0625,0.4375,,,,,,,,,,,,,,,,,,,,,,,,,,,,,,,,,,,,,,,,,,,,,0.6875,,,,,,,,,,
309,0.125,,,,,,,,,,,,,,,,,,,,,,,,,,,0.6875,,,,,,,,,,,,,,,,,,,,,,,,,,,,,,,,,,,,,,,,,,,,,,,,,0.1875,,,,,,,,,,
310,,,,,,,,,,,,,,,,,,,,,,,,,,,,0.0625,,,0.125,,,,,,,,,,,,,,,,,,,,,,,,,,,,,,,,,,,,,,,,,,,,,,0.8125,,,,,,,,,,
311,,,,,,,,,,,,,,,,,,,,,,,,,,0.4375,,0.25,,,0.125,,,,,0.125,,,,,,,,,,,,,,,,,,,,,,,,,,,,,,,,,,,,,,,,,0.0625,,,,,,,,,,
312,0.0625,,0.1875,,,,,,,,,,,,,,,,,,,,,,,0.5,,,,,0.0625,,,,,0.0625,,0.125,,,,,,,,,,,,,,,,,,,,,,,,,,,,,,,,,,,,,,,,,,,,,,,,,
313,,,,,,,,,,,,,,,,,,,,,1.125,,,,,,,,,,0.125,0.0625,,,,,,,,,,,,,,,,,,,,,,,,,,,,,,,,,,,,,,,,,,,,,0.1875,,,,,,,,,,
314,,,,,,,,,,,,,,,,,,,,,,,,,,,,0.1875,,,0.125,0.0625,,,,,,,,,,,,,,,,,,,,,,,,,,,,,,,,,,,,,,,,,,,,,0.625,,,,,,,,,,
315,,,0.1875,,,,,0.0625,,,,,,,,,,,0.0625,,,,,,,,,,,,0.0625,,,,,0.125,,,,,,,,,,,,,,,,,,,,,,,,,,,,,0.0625,,,,,,,,,,,,0.4375,,,,,,,,,,
316,,,0.4375,,,,,,,,,,,,,,,,0.1875,0.5,0.0625,,,,,,,,,,0.0625,,,,,0.1875,,,,,,,,,,,,,,,,,,,,,,,,,,,,,0.0625,,,,,,,,,,,,,,,,,,,,,,
317,,,,,,,,,,,,,,,,,,,,,0.75,,,,,,,,,,0.0625,,,,,0.0625,,,,,,,,,,,,,,,,,,,,,,,,,,,,,0.0625,,,,,,,,,,,,0.0625,,,,,,,,,,
318,,,0.1875,,,,,0.125,,,,0.6875,,,,,,,,,,,,,,,,,,,0.0625,,,,,0.25,,,,,,,,,,,,,,,,,,,,,,,,,,,,,0.0625,,,,,,,,,,,,0.125,,,,,,,,,,
319,,,0.0625,,,,,,,,,,,,,,,,0.6875,,,,,,,,,,,,0.0625,,,,,0.125,,,,,,,,,,,,,,,,,,,,,,,,,,,,,0.0625,,,,,,,,,,,,,,,,,,,,,,
320,,,,,,,,,,,,,,,,,,,,,,,,,,,,,,,,,,,,,,,,,,0.0625,,,,,,,,,,,,,,,,,,,,,,,,,,,,,,,,,,,1.0625,,,,,,,,0.0625,,0.125
321,,,,,,,,0.25,,,,,,,,,,,0.375,,0.125,,,,,,,,,,0.0625,,,,,,,,,,,,,,,,,,,,,,,,,,,,,,,,,,0.0625,,,,,,,,,,,,0.125,,,,,,,,,,
322,,,,,,,,,,,,,,,,,,,,,,,,,,,,,,,0.0625,,,,,0.1875,,,,,,,,,,,,,,,,,,,,,,,,,,,,,0.0625,,,,,,,,,,,,0.6875,,,,,,,,,,
323,,,,,,,,,,,,,,,,,,,,,,,,0.0625,,0.25,,1.0625,,,,,,,,,,,,,,,,,,,,,,,,,,,,,,,,,,,,,,,,,,,,0.0625,,,,,0.0625,,,,,,,,,,
324,,,0.1875,,,,,,,,,,,,,,,,,,,,,,,,,,,,0.125,,,,,,,,,,,,,,,,,,,,,,,,,,,,,,,,,,,,,,,,,,,0.5,,,0.1875,,,,,,,,,,
325,,,,,,,,0.0625,,,0.125,,,,,,,,,,,,,,,,,,,,0.125,,,,,,,,,,,,,,,,,,,,,,,,,,,,,,,,,,,,,,,,,,,0.0625,,,0.375,,,,,,,,,,
326,,0.4375,,,,,,,,,,,,,,,,0.0625,,,,,,,0.3125,,,,,,0.1875,,,,,,,,,,,,,,,,,,,,,,,,,,,,,,,,,,,,,,,,,,,,,,,,,,,,,,,,
327,0.125,0.1875,,,,,,,,,,,,,,,,0.5,,,,,,,,,,,,,0.0625,,,,,,,,,,,,,,,,,,,,,,,,,,,,,,,,,,,,,,,,,,0.125,,,,,,,,,,,,,,
328,0.125,0.1875,,,,,,,,,,,,0.0625,,,,,,,,,,,0.1875,,,,,,0.0625,,,,,,,,,,,,,,,,,,,,,,,,,,,,,,,,,,,,,,,,,,0.3125,,,,,,,,,,,,,,
329,0.0625,0.125,,,,,,,,,,,,0.4375,,,,,,,,,,,,,,,,,0.0625,,,,,,,,,,,,,,,,,,,,,,,,,,,,,,,,,,,,,,,,,,0.3125,,,,,,,,,,,,,,
330,,0.5,,,,,,,,,,,,,,,,,,,,,,,,,,,,,0.25,,,,,,,,,,,,,,,,,,,,,,,,,,,,,,,,,,,,,,,,,,0.25,,,,,,,,,,,,,,
331,0.125,0.0625,,,,,,,,,,,,0.5625,,,,0.1875,,,,,,,,,,,,,0.0625,,,,,,,,,,,,,,,,,,,,,,,,,,,,,,,,,,,,,,,,,,,,,,,,,,,,,,,,
332,0.0625,0.3125,,,,,,,,,,,,,,,,,,,,,,,,,,,,,0.0625,,,,,,,,,,,,,,,,,,,,,,,,,,,,,,,,,,,0.375,,,,,,,0.0625,,,,,,,,,,,,,,
333,0.0625,,,,,,,,,,,,,,,,,0.625,,,,,,,,,,,,,0.25,,,,,,,,,,,,,,,,,,,,,,,,,,,,,,,,,,0.0625,,,,,,,,,,,,,,,,,,,,,,
334,0.0625,0.25,,,,,,,,,,,,,,,,0.25,,,,,,,0.25,,,,,,0.1875,,,,,,,,,,,,,,,,,,,,,,,,,,,,,,,,,,,,,,,,,,,,,,,,,,,,,,,,
335,,,,,,,,,,,,,,,,,,,,,,,,,,,,,,,0.25,,,,,,,,,,,,,,,,,,,,,,,,,,,,,,,,,,,,,,,,,,,,,,,,,,,,,,,,
336,0.125,0.1875,,,,,,,,,,,,,,,,0.625,,,,,,,,,,,,,0.0625,,,,,,,,,,,,,,,,,,,,,,,,,,,,,,,,,,,,,,,,,,,,,,,,,,,,,,,,
337,,0.4375,,,,,,,,,,,,,,,,,,,,,,,,,,,,,0.1875,,,,,,,,,,,,,,,,,,,,,,,,,,,,,,,,,,,,,,,,,,0.375,,,,,,,,,,,,,,
338,0.0625,,1.0,,,,,,,,,,,,,,,,,,,,,,,0.125,,,,,,,,,,,,0.125,,,,,,,,,,,,,,,,,,,,,,,,,,,,,,,,,,,,0.1875,,,,,,,,,,,,,
339,,,0.25,,,,,,,,,,,,,,,,,,,,,,,,,,,,,,,,,,,,,,,0.0625,,,,,,,,,,,,,,,,,,,,,,,,,,,,,,,,,,,,,,,,,,,0.0625,,0.625
340,,,,,,,,,,,,,,,,,,,0.3125,,,,,,,,,,,,0.0625,,,,,,,,,,,,,,,,,,,,,,,,,,,,,,,,,,0.0625,,,,,,,,,0.25,,,0.3125,,,,,,,,,,
341,,,0.125,,,,,,,,,,,,,,,,0.5,,0.0625,,,,,,,,,,0.0625,,,,,,,,,,,,,,,,,,,,,,,,,,,,,,,,,,,,,,,,,,,,,,,,,,,,,,,,
342,,,,,,,,,,,,,,,,,,,,,,,,,,,,,,,0.0625,,,,,,,,,,,,,,,,,,,0.0625,,,,,,,,,,,,,,,,,,,,,,,,,,0.0625,0.8125,,,,,,,,,,
343,,,0.3125,,,,,,,,,,,,,,,,0.5625,,,,,0.0625,,,,,,,,,,,,,,,,,,,,,,,,,,,,,,,,,,,,,,,,,,,,,,,,0.0625,,,,,,,,,,,,,,,
344,,,0.25,,,,,,,,,,,,,,,,,,,,,,,0.375,,,,,0.125,0.25,,,,,,,,,,,,,,,,,,,,,,,,,,,,,,,,,,,,,,,,,,,,,,,,,,,,,,,
345,,,0.3125,,,,,,,,,,0.125,,,,,,,,,,,,,,,,,0.125,0.125,,,,,,,,,,,,,,,,,,,,,,,,,,,,,,,,,,,,,,,,,,,,,,0.3125,,,,,,,,,,
346,,,0.4375,,,,,,,,,,,,,,,,0.5,,,,,,,,,,,,0.0625,,,,,,,,,,,,,,,,,,,,,,,,,,,,,,,,,,,,,,,,,,,,,,,,,,,,,,,,
347,0.125,,0.5,,,,,,,,,,,,,,,,,,,,,,,,,0.3125,,,,0.25,,,,0.0625,,,0.0625,,,,,,,,,,,,,,,,,,,,,,,,,,,,0.0625,,,,,,,0.0625,,,0.0625,,,,,,,,,,
348,,,,,,,,,,,,,,,,,,,,,,,,,,,,,,,0.0625,,,,,,,,,,,,,,,,,,,,,,,,,,,,,,,,,,0.0625,,,,,,,,,,,,0.875,,,,,,,,,,
349,,,0.4375,,,,,,,,,,,,,,,,,,,,,,,,,,,,,,,,,,,0.0625,,,,,,,,,,,,,,,,,,,,,,,,,,,,,,,,,,,,,,,0.5,,,,,,,,,,
350,,,,0.0625,,,,,,,,,,,,,,,,,,,,,,0.375,,0.0625,,,0.125,,,,,,,,,,,,,,,,,,,,,,,,,,,,,,,,,,,,,0.0625,,,,,,,,,0.3125,,,,,,,,,,
351,,,0.0625,,,,,,,,,,0.25,,,,,,,,0.0625,,,,,,,,,,0.125,,,,,,,,,,,,,,,,,,,,,,,,,,,,,,,,,,,,,,,,,,,,,,0.5,,,,,,,,,,
352,,,0.125,,,,,,,,,0.0625,,,,,,,,,,,,,,0.625,,,,,0.125,0.0625,,,,,,,,,,,,,,,,,,,,,,,,,,,,,,,,,,,,,,,,,,,,,,,,,,,,,,,
353,,,0.125,,,,,,,,,,0.0625,,,,,,0.25,,,,,0.0625,,0.3125,,,,,,0.125,,,,,,,,,,,,,,,,,,,,,,,,,,,,,,,,,,,,,,,,0.0625,,,,,,,,,,,,,,,
354,0.0625,,,,,,,,,,,,,0.5,,,,,,,,,,,,,,,,,0.25,,,,,,,,,,,,,,,,,,,,,,,,,,,,,,,,,,,,,,,,,,0.1875,,,,,,,,,,,,,,
355,,0.375,,,,,,,,,,,,0.1875,,,,,,,,,,,,,,,,,0.1875,,,,,,,,,,,,,,,,,,,,,,,,,,,,,,,,,,,,,,,,,,0.25,,,,,,,,,,,,,,
356,,,1.875,,,,,0.0625,,,,,,,,,,,,,0.0625,,,,,,,0.1875,,,0.0625,,,,,1.0,,,,,,,,,,,,,,,,,,,,,,,,,,,,,,,,,,,,,,,,,,,,,,,,,,,
357,,,,,,,,,,,,,,,,,,,,,,,,,,,,0.4375,,,0.125,,,0.0625,,,,,,,,,,,,,,,,,,,,,,,,,,,,,,,,,,,,,,,,,,,0.375,,,,,,,,,,
358,,,,,,,,,,,,,,,,,,,,,,,,,,,,,,,0.125,,,,,,,,,,,,,,,,,,,,,0.375,,,,,,,,0.0625,,,,,,,0.125,,,,,,,,,0.0625,0.25,,,,,,,,,,
359,,,0.25,,,,,,,,,,,,,,,,,,,,,,,,,,,,0.125,0.6875,,,,,,0.4375,,,,,,,,,,,,,,,,,,,,,,,,,,,,,,,,,,,,,,,,,,,,,,,,,
360,,,0.25,,,,,,,,,,,,,,,,,,,,,,,,,,,,0.125,0.3125,,,,,,0.1875,,,,,,,,,,,,,,,,,,,,,,,,,,,,,,,,,,,,0.0625,,,0.5625,,,,,,,,,,
361,,,,,,,,,,,,,,,,,,,,,,,,,,,,,,,0.0625,0.9375,,,,,0.5,0.4375,,,,,,,,,,,,,,,,,,,,,,,,,,,,,,,,,,,,,,,,,,,,,,0.0625,,,
362,0.0625,,0.8125,,,,,,,,,,,,,,,,,,,,,,,,,0.5,,,0.0625,0.3125,,,,0.125,,,,,,,,,,,,,,,,,,,,,,,,,,,,,,,0.0625,,,,,,,0.0625,,,,,,,,,,,,,
363,0.0625,,,,,,,,,,,,,,,,,,,,,,,,,,,,,,0.0625,,,,,,,,,,,,,,,,,,,,,,,,,,,,,,,,,,,,,,,,,,,,,,0.8125,,,,,,,,,,
364,0.0625,,0.1875,,,,,0.375,,,,,,,,,,,,,,,,,,,,,,,0.0625,,,,,,,,,,,,,,,,,,,,,,,,,,,,,,,,,,,,,,,,,,,,,,0.3125,,,,,,,,,,
365,0.0625,,,,,,,,,,0.5625,,,,,,,,,,0.125,,,,,0.125,,,,,0.0625,,,,,,,,,,,,,,,,,,,,,,,,,,,,,,,,,,,,,,,,,,,,,,0.0625,,,,,,,,,,
366,,,,,,,,,,,,,,,,,,,,,,,,,,,,,,,0.125,,,,,,,,,,,,,,,,,,,,,,,,,,,,,,,,,,,,,,,,,,,0.625,,,0.625,,,,,,,,,,
367,0.125,0.1875,,,,,,,,,,,,,,,,,,,,,,,,,,,,,,,,,,,,,,,,,,,,,,,,,,,,,,,,,,,,,,,,,,,,,,,0.6875,,,,,,,,,,,,,,
368,0.25,0.125,,,,,,,,,,,,,,,,,,,,,,,,,,,,,0.1875,,,,,,,,,,,,,,,,,,,,,,,,,,,,,,,,,,,,,,,,,,0.4375,,,,,,,,,,,,,,
369,,0.5625,,,,,,,,,,,,,,,,0.25,,,,,,,,,,,,,0.1875,,,,,,,,,,,,,,,,,,,,,,,,,,,,,,,,,,,,,,,,,,,,,,,,,,,,,,,,
370,,,,,,,,,,,,,,,,,,,,,,,,,,,,,,,0.0625,,,,,,,,,,,,,,,,,,,,,,,,,,,,,,,,,,0.0625,,,,,,,,,,,,0.875,,,,,,,,,,
371,,,,,,,,,,,,,,,,,,,,0.0625,0.4375,,,,,,,,,,0.125,0.0625,,,,0.0625,,,,,,,,,,,,,,,,,,,,,,,,,,,,,0.0625,,,,,,,,,,,,1.1875,,,,,,,,,,
372,,,0.5,,,,,,,,,,,,,,,,0.25,,,,,,,,,,,,0.125,,,,,0.0625,,,,,,,,,,,,,,,,,,,,,,,,,,,,,0.0625,,,,,,,,,,0.125,,0.875,,,,,,,,,,
373,,,1.125,0.125,,,,,,,,,,,,,,,,,,,,,,,,,,,0.125,0.125,,,,,,,,,,,,,,,,,,,,,,,,,,,,,,,,,,,,,,,,,,,,,,,,,,,,,,,
374,,,1.1875,0.25,,,,,,,,,,,,,,,,,,,,,,,,0.6875,,,0.0625,0.1875,,,,,,,,,,,,,,,,,,,,,,,,,,,,,,,,,,,,,,,,0.0625,,,,,,,,,,,,,,,
375,,,1.125,0.125,,,,,,,,,,,,,,,,,,,,,,,,,,,0.125,0.1875,,,,,,,,,,,,,,,,,,,,,,,,,,,,,,,,,,,,,,,,,,,,,1.4375,,,,,,,,,,
376,,,,,,0.0625,,,,,,,,,,,,,,,,,,,,,,,,,0.0625,,,0.5625,,,,,,,,,,,,,,,,0.0625,,,,,,,,,,,,,,,,,0.125,,,,,,,,,,0.125,,,,,,,,,,
377,,,,,,,,,,,,,,,,,,,,,,,,,,,,,,,0.0625,,,,,,,,,,,,,,,,,,,,,,,,,,,,,,,,,,0.0625,,,,,,,,,,,,0.875,,,,,,,,,,
378,,,0.6875,,,,,,,,,,,,,,,,,,,,,,,,,,,,0.125,0.1875,,,,,,,,,,,,,,,,,,,,,,,,,,,,,,,,,,,,,,,,,,,,,,,,,,,,,,,
379,,,0.1875,,,,,,,,,,,,,,,,,,0.9375,,,,,,,,,,0.0625,0.0625,,,,,,0.0625,,,,,,,,,,,,,,,,,,,,,,,,,,,,,,,,,,,,,,,0.1875,,,,,,,,,,
380,,,,,,,,0.625,,,,,,,,,,,,,0.25,,,,,,,,,,0.0625,,,,,,,,,,,,,,,,,,,,,,,,,,,,,,,,,,0.0625,,,,,,,,,,,,,,,,,,,,,,
381,,,,,,,,,,,,,,,,,,,,0.0625,0.6875,,,,,,,,,,0.125,,,,,,,,,,,,,,,,,,,,,,,,,,,,,,,,,,,,,,,,,,,,,,0.125,,,,,,,,,,
382,,,,,,,,,,,,,,,,,,,,,0.0625,,,,,,,,,,0.125,,,,,,,,,,,,,,,,,,,,,,,,,,,,,,,,,,,,,,,,,,,,,,1.3125,,,,,,,,,,
383,,,0.4375,,,,,,,,,,,,,,,,,,,,,,,0.4375,,,,,0.125,,,,,,,,,,,,,,,,,,,,,,,,,,,,,,,,,,,,,,,,,,,,,,,,,,,,,,,,
384,,,,,,,,,,,,,,,,,,,,,0.6875,,,,,,,,,,,,,,,,,0.125,,,,,,,,,,,,,,,,,,,,,,,,,,,,,,,,,,,,,0.125,,0.0625,,,,,,,,,,
385,,,0.1875,,,,,,,,,,,,,,,,,,,,,,,,,,,,0.0625,,,,,,,,,,,,,,,,,,,,,,,,,,,,,,,,,,,,,,,,,,,,0.625,,0.0625,,,,,,,,,,
386,0.0625,,0.375,,,,,,,,,,,,,,,,,,0.6875,,,,,,,,,,0.0625,,,,,,,,,,,,,,,,,,,,,,,,,,,,,,,,,,,,,,,,,,,,,,0.3125,,,,,,,,,,
387,,,0.3125,,,,,0.0625,,,,,,,,,,,0.5,,,,,,,,,,,,0.125,,,,,,,,,,,,,,,,,,,,,,,,,,,,,,,,,,,,,,,,,,,,,,,,,,,,,,,,
388,,,,,,,,,,,,,,,,,,,,0.375,,,,,,,,,,,0.125,,,,,,,0.0625,,,,,,,,,,,,,,,,,,,,,,,,,,,,,,,,,,,,,,,0.5,,,,,,,,,,
389,,,0.4375,,,,,0.5,,,,,,,,,,,,,0.4375,,,,,,,,,,0.125,,,,,,,,,,,,,,,,,,,,,,,,,,,,,,,,,,,,,,,,,,,,,,,,,,,,,,,,
390,,,0.0625,,,,,,,,,,,,,,,,,,0.4375,,,,,2.0,,,,,0.125,,,,,,,,,,,,,,,,,,,,,,,,,,,,,,,,,,,,,,,,,,,,,,0.375,,,,,,,,,,
391,0.0625,,,,,,,,,,,,,,,,,,,,,,,,,,,,,,,,,,,,,,,,,,0.0625,,,,,,,,,,,,,,,,0.125,,,,,,,,,,,,,,,,,,,,,,,,,,,,
392,0.0625,,,,,,,,,,,,,,,,,,,,,,,,,,,,,,,,,,,,,,,,,,0.0625,,,,,,,,,,,,,,,,0.125,,,,,,,0.375,,,,,,,0.25,,,,,,,,,0.5,0.1875,,,,
393,,,0.125,,,,,0.6875,,,,,,,,,,,,,,,,,,,,,,,0.0625,,,,,0.0625,,,,,,,,,,,,,,,,,,,,,,,,,,,,,0.0625,,,,,,,,,,,,,,,,,,,,,,
394,,,,,,,,,,,,,,,,,,,,,,,,,,,,0.0625,,,0.0625,,,,,,,,,,,,,,,,,,,,,,,,,,,,,,,,,,,,0.875,,,,,,,,,,,,,,,,,,,,
395,0.0625,,,,,,,,,,,,,,,,,,,,,,,,,,,,,,,0.125,,,,,,0.625,,,,,,,,,,,,,,,,,,,,,,,,,,,,,1.0625,,,,1.5625,,,,,,0.125,,,,,,,,,,
396,,,,,,,,,,,,,,,,,,,,,,,,,,0.8125,,,,,0.0625,,,,,0.25,,,,,,,,,,,,,,,,,,,,,,,,,,,,,0.0625,,,,,,0.125,,,,,,0.1875,,,,,,,,,,
397,,,1.0,,,,,,,,,,,,,,,,,,0.625,,,,,,,,,,0.125,0.125,,,,,,,,,,,,,,,,,,,,,,,,,,,,,,,,,,,0.0625,,,,,,,,,,0.0625,,,,,,,,,,
398,,,,,,,,,,,,,,,,,,,,0.5,0.125,,,,,,,,,,0.125,,,,,,,,,,,,,,,,,,,,,,,,,,,,,,,,,,,,,,,,,,,,,,0.25,,,,,,,,,,
399,,,0.375,,,,,,,,,,,,,,,,,,0.0625,,,,,,,,,,0.125,0.0625,,,,,,,,,0.6875,,,,,,,,,,,,,,,,,,,,,,,,,,,,,,,,,0.0625,,,0.125,,,,,,,,,,
400,,,0.25,0.125,,,,,,,,,,,,,,,1.0,,,,,,,,,,,,0.125,,,,,,,,,,,,,,,,,,,,,,,,,,,,,,,,,,,,,,,,,,,,,,,,,,,,,,,,
401,,,0.8125,,,,,,,,,,,,,,,,0.1875,,,,,,,,,0.5,,,0.0625,0.4375,,,,,,,,,,,,,,,,,,,,,,,,,,,,,,,,,,,,,,,,,,,,,,,,,,,,,,,
402,,,0.4375,,,,,,,,,,,,,,,,,,0.3125,,,,,,,,,,0.125,,,,,,,,,,,,,,,,,,,,,,,,,,,,,,,,,,,,,,,,,,,,,,0.125,,,,,,,,,,
403,,,0.5625,,,,,,,,,,,,,,,,,,0.3125,,,,,,,,,,0.125,,,,,,,,,,,,,,,,,,,,,,,,,,,,,,,,,,,,,,,,,,,,,,,,,,,,,,,,
404,,,0.625,,,,,,,,,,,,,,,,0.875,0.0625,0.5,,,,,,,,,,0.125,,,,,,,,,,,,,,,,,,,,,,,,,,,,,,,,,,,,,,,,,,,,0.0625,,,,,,,,,,,,
405,,,,,,,,,,,,,,,,,,,,,,,,,,0.0625,,,,,0.125,0.4375,,,,0.125,,,,,,,,,,,,,,,,,,,,,,,,,,,,,,,,,,,,,,0.25,,,,,,,,,,,,,
406,,,0.25,,,,,,,,,,0.0625,,,,,,0.375,,,,,,,,,,,,0.125,0.1875,,,,,,,,,,,,,,,,,,,,,,,,,,,,,,,,,,,,,,,,,,,,,,,,,,,,,,,
407,,,,,,,,,,,,,,,,,,,,,,,,,,,,,,,0.125,0.375,,,,,,,,,,,,,,,,,,,,,,,,,,,,,,,,,,,0.5,,,,,,,,,,,,,,,,,,,,
408,,,,,,,,,,,,,,,,,,,,,,,,,,,,,,,0.125,0.375,,,,,0.5,,,,,,,,,,,,,,,,,,,,,,,,,,,,,,,,,,,,,,,,,,,,,,,,,,
409,,,,,,,,,,,,,,,,,,,,,,,,,,,,,,,0.125,0.25,,,,0.125,0.5,,,,,,,,,,,,,,,,,,,,,,,,,,,,,,,,,,,,,,,,,,,,,,,,,,
410,,,,,,,,,,,,,,,,,,,0.0625,,,,,,,,,,,,0.125,0.0625,,,,,,,,,,,,,,,,,,,,,,,,,,,,,,,,,,,0.1875,,,,,,,0.5625,,,,,,,,,,,,,
411,,,,,,,,,,,,,0.375,,,,,,0.5,,,,,,,,,0.0625,,,0.0625,,,,,,,,,,,,,,,,,,,,,,,,,,,,,,,,,,,,,,,,,,,,,,,,,,,,,,,,
412,,,,,,,,,,,,,,,,,,,,,,,,,,,,,,,0.0625,,,,,0.0625,,,,,,,,,,,,,,,,,,,,,,,,,,,,,0.0625,,,,,,,,,,,,1.3125,,,,,,,,,,
413,,,0.375,,,,,,,,,,,,,,,,0.25,,,,,,,,,,,,,,,0.0625,,,,,,,,,,,,,,,,,,,,,,,,,,,,,,,,,,,,,0.6875,,,0.125,,,,,,,,,,,,,
414,0.0625,,0.125,,,,,,,,,,,,,,,,,,0.0625,,,,,,,,,,,,,,,0.0625,,,,,,,,,,,,,,,,,,,,,,,,,,,,,0.0625,,,,,,,,,0.375,,,0.25,,,,,,,,,,
415,0.0625,,,,,,,,,,,,,,,,,,,,,,,,,,,,,,,,,,,,,,,,,,,,,,,,,,,,,,,,,,,,,,,,,,,,,,,,,0.125,,,0.8125,,,,,,,,,,
416,0.0625,,0.4375,,,,,0.0625,,,,,,,,,,,,,,,,,,,,,,,,,,,,,,,,,,,,,,,,,,,,,,,,,,,,,,,,,0.0625,,,,,,,,,,,,0.375,,,,,,,,,,
417,,,,,,,,,,,,,,,,,,,,,,,,,,,,,,,,,,,,,,,,0.0625,,,,,,,,,,,,0.0625,,,,,,,,,,,,,,,0.3125,,,,,,,,,,0.4375,,,,,,,,0.0625,0.0625,
418,,,0.25,,,0.0625,,,,,,,,,,0.125,,,,,,,,,,,,,,,,,,,,,,,,0.0625,,,,,,,,,,,,,,,,,,,,,,,,,,,,,,,,,,,,,0.125,,,,,,,,0.0625,0.25,0.0625
419,,,,,,,,,,,,,0.625,,,,,,,,,,,0.0625,,,,,,,,,,,,,,,,,,,,,,,,,,,,,,,,,,,,,,,,,,,,,,,,0.0625,,0.25,,,,,,,,,,,,,
420,,0.125,,,,,,,,,,,,,,,,,,,0.1875,,,,,,,,,,0.125,0.25,,,,,,0.0625,,,,,,,,,,,,,,,,,,,,,,,,,,,,,,,,,,,,,,,0.25,,,,,,,,,,
421,0.0625,,,,,,,,,,,,,,,,,,,,,,,,,,,,,,0.0625,,,,,,,,,,,,,,,,,,,,,,,,,,,,,,,,,,,,,,,,0.375,,,,0.125,,0.25,,,,,,,,0.125,,
422,,,,,,,,,,,,,,,,,,,,,,,,,,,,,,,0.0625,,,,,,,,,,,,,,,,,,,,,0.3125,,,,,,,,,,,,,0.0625,,,,,,,,,,,,,,,,,,,,,0.0625,
423,,,,,,,,,,,,,,,,,,,,,,,,0.0625,,,,0.375,,,,,,,,,,,,,,,,,,,,,,,,,,,,,,,,,,,,,,,0.75,,,,,0.0625,,,,,0.25,,,,,,,,,,
424,0.125,,,,,,,,,,,,,,,,,,,,,,,,,,,,,,,,,,,,,,,,,,,,,,,,,,,,,,,,,,,,,,,,,,,,,,,,0.875,,,,,,,,,,,,,,
425,0.125,0.1875,,,,,,,,,,,,0.0625,,,,0.25,,,,,,,,,,,,,,,,,,,,,,,,,,,,,,,,,,,,,,,,,,,,,0.1875,,,,,,,,,,0.0625,,,,,,,,,,,,,,
426,0.0625,,,,,,,,,,,,,,,,,,,,,,,,,,,,,,,,,,,,,,,,,,,,,,,,,,,,,,,,,,,,,,,,,,,,,,,,0.9375,,,,,,,,,,,,,,
427,0.125,0.125,,,,,,,,,,,,0.1875,,,,0.0625,,,,,,,,,,,,,0.125,,,,,,,,,,,,,,,,,,,,,,,,,,,,,,,,,,,,,,,,,,0.375,,,,,,,,,,,,,,
428,0.125,,,,,,,,,,,,,0.0625,,,,,,,,,,,,,,,,,,,,,,,,,,,,,,,,,,,,,,,,,,,,,,,,,,,,0.125,,,,,,,0.6875,,,,,,,,,,,,,,
429,0.125,,,,,,,,,,,,,0.1875,,,,,,,,,,,,,,,,,,,,,,,,,,,,,,,,,,,,,,,,,,,,,,,,,,,,,,,,,,,0.6875,,,,,,,,,,,,,,
430,0.0625,0.125,,,,,,,,,,,,,,,,0.4375,,,,,,,,,,,,,0.0625,,,,,,,,,,,,,,,,,,,,,,,,,,,,,,,,,,,,,,,,,,0.1875,,,,,,,,,,,,,,
431,,0.0625,0.6875,,,,,,,,,,,,,,,,,,,,,,,,,,,,,,,,,,,,,,,,,,,,,,,,,,,,,,,,,,,,,,,,,,,,,,,0.8125,,,,,,,,,,,,,
432,,,,,,,,,,,,,,,,,,,,,,,,,,0.75,,,,,0.125,0.0625,,,,0.0625,,,,,,,,,,,,,,,,,,,,,,,,,,,,,,,,,,,,,,,,,,,,,,,,,,,
433,,,,,,,,,,,,,,,0.375,,,,,0.0625,0.125,,,,,,,,,,0.125,0.0625,,,,,,,,,,,,,,,,,,,,,,0.375,0.1875,,,,,0.0625,,,,,,,,,,,,,,0.125,,,,,,,,,,,,,
434,,,,,,,,,,,,,,,,,,,0.625,,,,,,,,,,,,0.125,0.25,,,,,,,,,,,,,,,,,,,,,,,,,,,,,,,,,,,,,,,,,,,,,,,,,,,,,,,
435,,,,,,,,0.125,,,,,,,,,,,,,,,,,,,,,,,0.0625,,,,,,,,,,,,,,,,,,,,,,,,,,,,,,,,,,0.0625,,0.25,,,,,,,,,,0.5,,,,,,,,,,
