id,Ta,TaTa,TaTaTa,TaTaTi,TaTaTimgi,TaTaTiti,TaTao,TaTi,TaTim,TaTimgiTa,TaTiti,TaTitiTa,TaTitiTiti,Tai,TaitiTa,TaitiTiti,Tao,TaoTa,TaoTimgi,TaoTiti,Taoa,Timgi,TimgiTa,TimgiTaTa,TimgiTiti,Titi,TitiTa,TitiTaTa,TitiTaTimgi,TitiTi,TitiTiti,TitiTitiTa,TitiTitiTiti,no
1,,0.5625,0.0625,,0.125,,,,,,,,,,,0.0625,,,,,,,0.0625,0.0625,,,,,,,,,0.0625,
2,,0.045454545454545456,0.045454545454545456,,,,,0.045454545454545456,,,,,,,,,,,,,,,,,,,,,,,,,0.8636363636363636,
3,,0.0625,0.1875,,0.1875,,,,,,,,,,,,,,0.4375,,,,0.0625,,,,,,,,,,0.0625,
4,,0.125,,,,,,,,,,,,,,,,,,,,,,,,,,,,,,,0.875,
5,,0.0625,0.3125,,0.375,0.125,,,,,,,,,,,,,,,,,0.0625,,,,,0.0625,,,,,,
6,,0.0625,0.3125,0.125,,,,,,,,,,,,0.0625,,0.0625,,,,,0.0625,,,,,,0.125,,,,0.1875,
7,,0.05,,,,,,,,,,,,,,,,,0.15,,,,0.05,,,,,,,,,,0.75,
8,,0.1875,0.625,,0.125,,,,,,,,,,,,,,,,,,,,,,,,0.0625,,,,,
9,,0.4375,0.25,,0.125,,,,,,,,,,,,0.0625,,,,,,0.125,,,,,,,,,,,
10,,0.1875,0.0625,,,,,,,,,,,,,,,,,,,,,,,,0.0625,,,,,,0.6875,
11,,0.1,0.2,,,,,,,,,,,,,,0.2,,,,,,0.2,,,,,,,,,,0.3,
12,,0.125,0.4375,,,,,,,,,,,,,,,0.25,0.1875,,,,,,,,,,,,,,,
13,,0.4,0.3,,0.15,,,,,,,,,,,,0.05,,0.05,,,0.05,,,,,,,,,,,,
14,,0.20833333333333334,0.3333333333333333,,,,,,,,,,,,0.16666666666666666,,,,,,,,,,,,,,,,,,0.2916666666666667,
15,,0.125,0.125,,,,,,,,,,,,,,0.0625,0.0625,,,,,,,,,0.3125,0.25,,,,,0.0625,
16,,0.0625,0.0625,,0.125,,,,,,,,,,,,,,,0.0625,,,0.0625,,,,,,,,,,0.625,
17,,0.6,0.35,,,,,,,,,,,,,,,,,,,,,0.05,,,,,,,,,,
18,,,,,,,,,,,,,,,,,0.3333333333333333,,,,,,,,,,,,,,,,0.6666666666666666,
19,,0.47368421052631576,0.2631578947368421,,,,,,,,,,,,,,,0.10526315789473684,,,,,0.10526315789473684,0.05263157894736842,,,,,,,,,,
20,,0.16666666666666666,,,,0.1111111111111111,,,,,,,,,,,0.05555555555555555,0.05555555555555555,,,0.1111111111111111,,,,,,0.16666666666666666,,,,,,0.3333333333333333,
21,,0.13333333333333333,0.8666666666666667,,,,,,,,,,,,,,,,,,,,,,,,,,,,,,,
22,,0.125,0.1875,,,,,,,,,,,,,,,,,,,,,,,,0.3125,0.375,,,,,,
23,,0.55,0.35,,,,,,,,,,,,,,,,0.05,,,,,,,,,,,,,,0.05,
24,,0.5,,,,,,,,,,,,,,,,,,,,,0.25,,,,,,,,,,0.25,
25,,0.23529411764705882,0.5294117647058824,,,,,,,,,,,,,,0.058823529411764705,0.11764705882352941,,,,,,,,,,,,,,,0.058823529411764705,
26,,0.1875,,,,,,,,,,,,,,,,,,,,,0.3125,0.125,,,,,,,,,0.375,
27,,0.0625,0.5,,0.0625,,,,,,,,,,,0.1875,,0.0625,0.0625,,,,0.0625,,,,,,,,,,,
28,,0.25,,,,,,,,,,,,,,0.75,,,,,,,,,,,,,,,,,,
29,,0.23076923076923078,0.38461538461538464,,,,,,,,,,,,,0.38461538461538464,,,,,,,,,,,,,,,,,,
30,,0.125,,,,,,,,,,,,,,,,,,,,,,,,,,,,,,,0.875,
31,,0.375,0.125,,,,,,,,,,,,,,,0.25,,,,,,,,,,,,,,,0.25,
32,,0.13333333333333333,0.13333333333333333,,,,,,,,,,,,,0.26666666666666666,0.06666666666666667,0.13333333333333333,,,,,,0.06666666666666667,,,,,,,,,0.2,
33,,0.375,0.5625,,,,,,,,,,,,,,,0.0625,,,,,,,,,,,,,,,,
34,,0.125,,,,,,,,,,,,,,,,,,,,,,,,,,,,,,0.0625,0.8125,
35,,0.2,0.4,,,,,,,0.06666666666666667,,,,,,,,0.2,,0.06666666666666667,,,0.06666666666666667,,,,,,,,,,,
36,0.07692307692307693,0.15384615384615385,0.07692307692307693,0.38461538461538464,,0.07692307692307693,,,,,,,0.07692307692307693,,,,,0.07692307692307693,,,,,,,,,,0.07692307692307693,,,,,,
37,,0.14285714285714285,0.2857142857142857,,,0.07142857142857142,,,,,,,,,,0.21428571428571427,,0.07142857142857142,,0.07142857142857142,,,,0.14285714285714285,,,,,,,,,,
38,,0.125,,,,,,,,,,,,,,,,,,,,,,,,,,,,,,,0.875,
39,,0.4375,0.3125,,,,,0.125,,,,,,,,,0.0625,,,,,,,0.0625,,,,,,,,,,
40,,0.125,,,,,,,,,,,,,,,,,,,,,,,,,,,,,,,0.875,
41,,0.1875,0.375,0.25,,,,,,,,,,,,,0.0625,0.0625,,,,,,,,,,,,,,,0.0625,
42,,0.0625,,,,,,,,,,,,,,,0.0625,,,,0.125,,,,,,0.0625,,,,,,0.6875,
43,,0.125,,,,,,,,,,,,,,,,,,,,,,,,,,,,,,,0.875,
44,,0.375,0.1875,,,,,,,,,,0.0625,0.0625,,,,,,,,,,,,,,,,,,,0.3125,
45,,,,,,,,,,,,,,,,,,,,,,,,,,,0.06666666666666667,,,,,,0.9333333333333333,
46,,0.125,0.0625,,,,,,,,,,,,,,,,,,,,,0.0625,,,0.1875,,,,,,0.5625,
47,,0.05,0.8,,,,,,,,,0.05,,,,,,,0.05,,,,0.05,,,,,,,,,,,
48,,0.0625,0.3125,,,,,,,,,,,,,,,0.375,,,0.25,,,,,,,,,,,,,
49,0.027777777777777776,0.05555555555555555,0.1111111111111111,,,,,,,,,,,,,,0.027777777777777776,0.3333333333333333,,,,,,,,,,,,,,,0.4444444444444444,
50,0.038461538461538464,,0.5,,,,,,,,,,,,,,0.15384615384615385,,,0.23076923076923078,,,,,,,,,,,,,0.07692307692307693,
51,0.03333333333333333,0.06666666666666667,0.5,,,,,,,,,,,,,,0.06666666666666667,0.16666666666666666,,0.13333333333333333,0.03333333333333333,,,,,,,,,,,,,
52,,,0.4444444444444444,,,,,,,,,,0.027777777777777776,,,,0.08333333333333333,0.16666666666666666,,,,,,,,,,,,,,,0.2777777777777778,
53,0.043478260869565216,0.08695652173913043,0.13043478260869565,,,,,,,0.043478260869565216,,0.08695652173913043,,,,,,0.2608695652173913,,,,,,,,,,,,,,,0.34782608695652173,
54,,0.08333333333333333,0.5,,,,0.16666666666666666,,,,,,,,,,0.041666666666666664,0.16666666666666666,,,0.041666666666666664,,,,,,,,,,,,,
55,0.1,,0.4,,,,,,,,,0.05,,,,,0.05,0.3,,,0.05,0.05,,,,,,,,,,,,
56,0.1111111111111111,,0.3611111111111111,,,,,,,,,,,,,,,0.3055555555555556,0.1388888888888889,,0.05555555555555555,0.027777777777777776,,,,,,,,,,,,
57,,0.3333333333333333,0.2916666666666667,,,,,,,,,0.041666666666666664,,,,,0.041666666666666664,0.041666666666666664,,0.16666666666666666,,,,,,,,,,,,,0.08333333333333333,
58,,0.05,0.5,,,0.1,,,,,,,,,,,0.1,0.05,,,0.1,,,,,,0.05,,,,,,0.05,
59,,,0.9583333333333334,,,,,,,,,,,,,,0.041666666666666664,,,,,,,,,,,,,,,,,
60,0.041666666666666664,,,,,,,,,,,,,,,,,0.9583333333333334,,,,,,,,,,,,,,,,
61,,,0.75,0.0625,,,,,,,,,,,,,0.09375,,,0.0625,,,,,,0.03125,,,,,,,,
62,,,1.0,,,,,,,,,,,,,,,,,,,,,,,,,,,,,,,
63,,,0.7083333333333334,,,,,,,,,0.16666666666666666,,,,0.020833333333333332,0.0625,,,0.020833333333333332,,,,,,0.020833333333333332,,,,,,,,
64,,0.0625,0.375,,,,,,,,,,,,,0.1875,,,,,,,,,,,,0.375,,,,,,
65,,0.125,0.875,,,,,,,,,,,,,,,,,,,,,,,,,,,,,,,
66,,0.03125,0.9375,,,,,,,,,,,,,,0.03125,,,,,,,,,,,,,,,,,
67,,,0.75,,,,,,,,,,,,,,,0.20833333333333334,,,0.041666666666666664,,,,,,,,,,,,,
68,,0.0625,0.9375,,,,,,,,,,,,,,,,,,,,,,,,,,,,,,,
69,,,,,,,,,,,,,,,,,0.08333333333333333,0.9166666666666666,,,,,,,,,,,,,,,,
70,,,,,,,,,,,,,,,,,,0.9375,,,0.0625,,,,,,,,,,,,,
71,0.041666666666666664,0.08333333333333333,0.7083333333333334,,,,,,,,,,,,,,,0.08333333333333333,,,0.08333333333333333,,,,,,,,,,,,,
72,0.1,0.23333333333333334,0.5,,,0.03333333333333333,,,,,,,,,,,0.06666666666666667,,,,,,,,,,,,,,,0.03333333333333333,0.03333333333333333,
73,,0.125,0.875,,,,,,,,,,,,,,,,,,,,,,,,,,,,,,,
74,,0.125,0.875,,,,,,,,,,,,,,,,,,,,,,,,,,,,,,,
75,,0.125,0.875,,,,,,,,,,,,,,,,,,,,,,,,,,,,,,,
76,,0.125,0.875,,,,,,,,,,,,,,,,,,,,,,,,,,,,,,,
77,,0.0625,0.9375,,,,,,,,,,,,,,,,,,,,,,,,,,,,,,,
78,,0.125,0.875,,,,,,,,,,,,,,,,,,,,,,,,,,,,,,,
79,,0.125,0.875,,,,,,,,,,,,,,,,,,,,,,,,,,,,,,,
80,,0.125,0.875,,,,,,,,,,,,,,,,,,,,,,,,,,,,,,,
81,,,0.875,,,,,0.125,,,,,,,,,,,,,,,,,,,,,,,,,,
82,,,1.0,,,,,,,,,,,,,,,,,,,,,,,,,,,,,,,
83,,,1.0,,,,,,,,,,,,,,,,,,,,,,,,,,,,,,,
84,,0.14285714285714285,0.7857142857142857,,,,,,,,,,,,,,0.07142857142857142,,,,,,,,,,,,,,,,,
85,,0.125,0.875,,,,,,,,,,,,,,,,,,,,,,,,,,,,,,,
86,,0.125,0.875,,,,,,,,,,,,,,,,,,,,,,,,,,,,,,,
87,,0.125,0.875,,,,,,,,,,,,,,,,,,,,,,,,,,,,,,,
88,,0.0625,0.9375,,,,,,,,,,,,,,,,,,,,,,,,,,,,,,,
89,,0.125,0.875,,,,,,,,,,,,,,,,,,,,,,,,,,,,,,,
90,0.0625,0.875,,,,,,,,,,,,,,,0.0625,,,,,,,,,,,,,,,,,
91,0.0625,0.875,,,,,,,,,,,,,,,0.0625,,,,,,,,,,,,,,,,,
92,0.06666666666666667,0.5333333333333333,,,,,,,,,0.13333333333333333,,,,,,0.26666666666666666,,,,,,,,,,,,,,,,,
93,0.125,0.3125,,,,,,,,,,,,,,,0.5625,,,,,,,,,,,,,,,,,
94,0.125,0.625,,,,,,,,,,,,,,,0.25,,,,,,,,,,,,,,,,,
95,0.1875,0.625,,,,,,,,,,,,,,,0.0625,,,,,,,,,0.0625,,,,,0.0625,,,
96,,,,,,,,,,,,,,,,,,,,,,,,,,,,,,0.5,0.5,,,
97,,,,,,,,,,,,,,,,,,,,,,,,,,,0.125,,,0.125,0.75,,,
98,,,,,,,,,,,,,,,,,,,,,,,,,,,,,,0.125,0.875,,,
99,0.08333333333333333,,0.9166666666666666,,,,,,,,,,,,,,,,,,,,,,,,,,,,,,,
100,,,,,,,,,,,,,,,0.08333333333333333,,0.08333333333333333,0.8333333333333334,,,,,,,,,,,,,,,,
101,,,0.8125,,,,,,,,,,,0.125,,,,0.0625,,,,,,,,,,,,,,,,
102,,0.5,0.25,,,,,,,,,,,,,,0.25,,,,,,,,,,,,,,,,,
103,0.04,,0.64,,,,,,,0.12,,,0.08,,,,,0.08,,,0.04,,,,,,,,,,,,,
104,0.05263157894736842,0.10526315789473684,0.7368421052631579,,,,,,,,,,,,,,,,,,,,,,,,,,,,,,0.10526315789473684,
105,0.025,0.05,0.9,,,,,,,,,,,,,,0.025,,,,,,,,,,,,,,,,,
106,,0.08333333333333333,0.9166666666666666,,,,,,,,,,,,,,,,,,,,,,,,,,,,,,,
107,0.09090909090909091,,0.06818181818181818,,,,,,,,,0.18181818181818182,,,,,,0.25,,,,,,,,,0.045454545454545456,,,,,,0.36363636363636365,
108,0.06818181818181818,,0.9318181818181818,,,,,,,,,,,,,,,,,,,,,,,,,,,,,,,
109,,,0.3125,,,,,,,,,,,,,,0.03125,0.1875,,0.0625,,,,,,0.03125,,,,,,,0.375,
110,,,,0.5833333333333334,,,,,,,,,,,,,0.08333333333333333,,,,0.3333333333333333,,,,,,,,,,,,,
111,,,0.9166666666666666,,,,,,,,,,,,,,0.08333333333333333,,,,,,,,,,,,,,,,,
112,0.041666666666666664,,0.8333333333333334,,,,,,,,,,,,,,0.041666666666666664,0.08333333333333333,,,,,,,,,,,,,,,,
113,,0.08333333333333333,0.25,,,,,,,,,,,,,,,0.6666666666666666,,,,,,,,,,,,,,,,
114,,,,,,,,,,,,,,,,,,,,,,,,,,,,,,,0.08695652173913043,,0.9130434782608695,
115,0.0625,0.03125,0.90625,,,,,,,,,,,,,,,,,,,,,,,,,,,,,,,
116,,,,,,,,,,,,,,,,,0.125,0.875,,,,,,,,,,,,,,,,
117,,0.05263157894736842,0.05263157894736842,,,,0.7105263157894737,,,,,,,,,,0.07894736842105263,0.10526315789473684,,,,,,,,,,,,,,,,
118,,,,,,,,,,,,,,,,,0.16666666666666666,0.8333333333333334,,,,,,,,,,,,,,,,
119,0.20833333333333334,,0.25,,,,,,,,,,,,,,,0.5416666666666666,,,,,,,,,,,,,,,,
120,0.07142857142857142,,0.8928571428571429,,,,,,,,,,,,,,0.03571428571428571,,,,,,,,,,,,,,,,,
121,,,0.75,,,,,,,,,0.08333333333333333,,,,,0.125,,,,,,,,,,,0.041666666666666664,,,,,,
122,,,1.0,,,,,,,,,,,,,,,,,,,,,,,,,,,,,,,
123,,,0.6666666666666666,,,,,,,,,0.20833333333333334,,,,,0.125,,,,,,,,,,,,,,,,,
124,,,0.875,,,,,,,,,,,,,,0.125,,,,,,,,,,,,,,,,,
125,,,0.875,,,,,,,,,,,,,,0.125,,,,,,,,,,,,,,,,,
126,,,0.875,,,,,,,,,,,,,,0.125,,,,,,,,,,,,,,,,,
127,,,0.875,,,,,,,,,,,,,,,,,,0.125,,,,,,,,,,,,,
128,0.08333333333333333,0.041666666666666664,0.7916666666666666,,,,,,,,,,,,,,,,,,,,,,,,,,,,,,,0.08333333333333333
129,0.0625,,0.875,,,,,,,,,,,,,,0.0625,,,,,,,,,,,,,,,,,
130,,0.041666666666666664,0.875,,,,,,,,,,,,,,0.08333333333333333,,,,,,,,,,,,,,,,,
131,,,,,,,,,,,,,,,,,,,,,,,,,,,,,,,1.0,,,
132,0.2,0.6,,,,,,0.13333333333333333,,,0.06666666666666667,,,,,,,,,,,,,,,,,,,,,,,
133,,0.5625,,,,,,,,,0.4375,,,,,,,,,,,,,,,,,,,,,,,
134,,1.0,,,,,,,,,,,,,,,,,,,,,,,,,,,,,,,,
135,,0.0625,,,,,,,,,,,,,,,,,,,,,,,,,,,,,0.9375,,,
136,0.0625,0.6875,,,,,,,,,,,,,,,0.25,,,,,,,,,,,,,,,,,
137,,1.0,,,,,,,,,,,,,,,,,,,,,,,,,,,,,,,,
138,,0.4375,,,,,,0.3125,,,,,,,,,,,,,,,,,,,,,,,0.25,,,
139,0.125,0.875,,,,,,,,,,,,,,,,,,,,,,,,,,,,,,,,
140,,0.875,,,,,,,,,,,,,,,0.125,,,,,,,,,,,,,,,,,
141,,0.5625,,,,,,0.0625,,,,,,,,,0.375,,,,,,,,,,,,,,,,,
142,,0.4375,,,,,,,,,,,,,,,0.1875,,,,,,,,,,,,,,0.375,,,
143,0.08333333333333333,,0.027777777777777776,,,,,,,,,,,,,,,0.5,,,0.3888888888888889,,,,,,,,,,,,,
144,0.02,,0.98,,,,,,,,,,,,,,,,,,,,,,,,,,,,,,,
145,0.038461538461538464,0.3076923076923077,0.46153846153846156,,,,,,,,,,,,,,0.11538461538461539,,,,0.07692307692307693,,,,,,,,,,,,,
146,,,0.04,,,,,,,,,,,,,,,,,,,,,,,0.04,0.08,,,,,0.04,0.8,
147,,,,,,,,,,,,,,,,,0.041666666666666664,0.041666666666666664,0.16666666666666666,0.041666666666666664,,0.041666666666666664,,,,,,,,,,,0.6666666666666666,
148,0.0625,0.03125,0.46875,,,,,,,,,,0.125,,,,0.03125,,,,,,,,,,,,,,,,0.28125,
149,,,0.5,,,,,,,,,0.08333333333333333,0.041666666666666664,,,,0.125,0.125,,,,,,,,,,,,,,,0.125,
150,,0.125,0.75,,,,,,,,,,,,,,0.125,,,,,,,,,,,,,,,,,
151,,,0.6875,,,,,0.125,,,,,,,,,,,,,,,,,,,,,,,,,0.1875,
152,,,0.875,,,,,,,,,,,,,,0.125,,,,,,,,,,,,,,,,,
153,,,0.875,,,,,,,,,,,,,,0.125,,,,,,,,,,,,,,,,,
154,,0.1875,0.8125,,,,,,,,,,,,,,,,,,,,,,,,,,,,,,,
155,,0.125,0.875,,,,,,,,,,,,,,,,,,,,,,,,,,,,,,,
156,,0.125,0.875,,,,,,,,,,,,,,,,,,,,,,,,,,,,,,,
157,,0.125,,,,,,,,,,,,,,,,,,,,,,,,,,,,,,,0.875,
158,,,0.875,,,,,0.125,,,,,,,,,,,,,,,,,,,,,,,,,,
159,,0.125,0.4375,,,,,,,,,,,,,,,,,,,,,,,,,,,,,0.0625,0.375,
160,,0.125,,,,,,,,,,,,,,,,,,,,,,,,,,,,,,,0.875,
161,,0.125,0.875,,,,,,,,,,,,,,,,,,,,,,,,,,,,,,,
162,,0.125,0.875,,,,,,,,,,,,,,,,,,,,,,,,,,,,,,,
163,,,0.875,,,,,,,,,,,,,,0.125,,,,,,,,,,,,,,,,,
164,,,0.8125,,,,,,,,,,,,,,0.125,0.0625,,,,,,,,,,,,,,,,
165,,,0.875,,,,,,,,,,,,,,0.125,,,,,,,,,,,,,,,,,
166,,0.125,0.5625,,,,0.25,0.0625,,,,,,,,,,,,,,,,,,,,,,,,,,
167,,0.0625,0.875,,,,,,,,,,,,,,0.0625,,,,,,,,,,,,,,,,,
168,,,0.875,,,,,,,,,,,,,,0.125,,,,,,,,,,,,,,,,,
169,,,0.875,,,,,,,,,,,,,,0.125,,,,,,,,,,,,,,,,,
170,,,0.875,,,,,,,,,,,,,,0.125,,,,,,,,,,,,,,,,,
171,,0.125,0.875,,,,,,,,,,,,,,,,,,,,,,,,,,,,,,,
172,,0.0625,0.8125,,,,,,,,,,,,,,,0.125,,,,,,,,,,,,,,,,
173,,,1.0,,,,,,,,,,,,,,,,,,,,,,,,,,,,,,,
174,,,0.875,,,,,,,,,,,,,,0.125,,,,,,,,,,,,,,,,,
175,,,0.875,,,,,,,,,,,,,,0.125,,,,,,,,,,,,,,,,,
176,,0.125,0.875,,,,,,,,,,,,,,,,,,,,,,,,,,,,,,,
177,0.125,,0.875,,,,,,,,,,,,,,,,,,,,,,,,,,,,,,,
178,,,0.6666666666666666,,,,,,,,,,,0.08333333333333333,0.16666666666666666,,0.08333333333333333,,,,,,,,,,,,,,,,,
179,,0.0625,0.9375,,,,,,,,,,,,,,,,,,,,,,,,,,,,,,,
180,0.05555555555555555,,0.7777777777777778,,,,,,,,,0.1111111111111111,,,,,0.05555555555555555,,,,,,,,,,,,,,,,,
181,,0.08333333333333333,0.9166666666666666,,,,,,,,,,,,,,,,,,,,,,,,,,,,,,,
182,,0.03125,0.96875,,,,,,,,,,,,,,,,,,,,,,,,,,,,,,,
183,,,1.0,,,,,,,,,,,,,,,,,,,,,,,,,,,,,,,
184,,,1.0,,,,,,,,,,,,,,,,,,,,,,,,,,,,,,,
185,,,0.125,,,,,,,,,,,,0.1875,,,0.5625,,,0.125,,,,,,,,,,,,,
186,0.0625,0.0625,0.875,,,,,,,,,,,,,,,,,,,,,,,,,,,,,,,
187,0.6875,,,,,,,,,,,,,,0.125,0.0625,,,,,0.125,,,,,,,,,,,,,
188,,,,,,,,,,,,,,,,,0.125,0.875,,,,,,,,,,,,,,,,
189,,,0.8125,,,,,,,,,,0.0625,,,,0.125,,,,,,,,,,,,,,,,,
190,,,0.875,,,,,,,,,,,,,,0.125,,,,,,,,,,,,,,,,,
191,,0.041666666666666664,0.7083333333333334,,,,0.16666666666666666,,,,,,,,,,0.041666666666666664,0.041666666666666664,,,,,,,,,,,,,,,,
192,,,0.875,,,,,0.125,,,,,,,,,,,,,,,,,,,,,,,,,,
193,,,0.8125,,,0.0625,,,,,,,,,,,0.0625,,,,,,,,,0.0625,,,,,,,,
194,,0.125,0.5,,,,0.0625,,,,,0.1875,0.0625,,,,,0.0625,,,,,,,,,,,,,,,,
195,,,0.4375,,,,,,,,,0.125,,,,,0.0625,0.3125,,,0.0625,,,,,,,,,,,,,
196,,0.08333333333333333,0.9166666666666666,,,,,,,,,,,,,,,,,,,,,,,,,,,,,,,
197,,,0.875,,,,,,,,,,,,,,,,,,0.125,,,,,,,,,,,,,
198,,0.0625,0.8125,,,,,,,,,,,0.125,,,,,,,,,,,,,,,,,,,,
199,,0.06666666666666667,0.9333333333333333,,,,,,,,,,,,,,,,,,,,,,,,,,,,,,,
200,,,0.09090909090909091,,,,,,,,,,,,,,0.18181818181818182,0.7272727272727273,,,,,,,,,,,,,,,,
201,,0.0625,0.8125,,,,,,,,,,,,,,0.125,,,,,,,,,,,,,,,,,
202,,,0.875,,,,,,,,,,,,,,0.125,,,,,,,,,,,,,,,,,
203,,0.4375,0.4375,,,,,,,,,,,,,,0.125,,,,,,,,,,,,,,,,,
204,,0.4375,0.4375,,,,,,,,,,,,,,0.125,,,,,,,,,,,,,,,,,
205,,,0.875,,,,,,,,,,,,,,0.125,,,,,,,,,,,,,,,,,
206,,0.0625,0.8125,,,,,,,,,,,,,,0.125,,,,,,,,,,,,,,,,,
207,,0.4375,0.4375,,,,,,,,,,,,,,0.125,,,,,,,,,,,,,,,,,
208,,0.25,0.4375,,,,,,,,,,,,,,0.3125,,,,,,,,,,,,,,,,,
209,,0.875,,,,,,,,,,,,,,,0.125,,,,,,,,,,,,,,,,,
210,,0.4375,0.5,,,,,,,,,,,,,,0.0625,,,,,,,,,,,,,,,,,
211,,0.3125,0.4375,,,,,,,,,,,,,,0.125,,,,,,,0.125,,,,,,,,,,
212,,0.05,,,,,,,,,,,,,,,,,,,,,0.05,,,,,,,,,,0.9,
213,0.07142857142857142,0.2857142857142857,0.35714285714285715,,0.07142857142857142,,0.07142857142857142,,,,,,,,,,0.07142857142857142,0.07142857142857142,,,,,,,,,,,,,,,,
214,,0.15384615384615385,0.38461538461538464,,,,,,,,,,,,,0.38461538461538464,,,,,,,,,,,,0.07692307692307693,,,,,,
215,,0.0625,,,,,,,,,,,,,,,,,,,,,,,,,0.0625,,,,,,0.875,
216,,0.3333333333333333,,,,,,,,,,,,,,0.16666666666666666,,,,,,,0.16666666666666666,,,,,,,,,,0.3333333333333333,
217,,0.3333333333333333,0.3333333333333333,,,,,,,,,,,,,,,,,,,,,,,,,,0.06666666666666667,,,,0.26666666666666666,
218,,,0.8333333333333334,,,,,,,,,,,,,,0.125,,,,,,,,,0.041666666666666664,,,,,,,,
219,,,0.75,,,,,,,,,,,,,,0.125,0.125,,,,,,,,,,,,,,,,
220,,0.06666666666666667,0.8,,,,,,,,,,,,,,0.06666666666666667,0.06666666666666667,,,,,,,,,,,,,,,,
221,,,0.875,,,,,,,,,,,,,,0.125,,,,,,,,,,,,,,,,,
222,,,0.875,,,,,,,,,,,,,,0.125,,,,,,,,,,,,,,,,,
223,,,0.7916666666666666,,,,,,,,,,,,,,0.08333333333333333,0.125,,,,,,,,,,,,,,,,
224,,,0.8125,,,,,,,,,,,,,,0.1875,,,,,,,,,,,,,,,,,
225,,,0.75,,,,,,,,,,,0.125,,,0.125,,,,,,,,,,,,,,,,,
226,,,0.4375,,0.125,,0.1875,,,,,,,,,,0.0625,,,0.0625,,0.0625,,,,,,0.0625,,,,,,
227,,,0.875,,,,,,,,,,,,,,0.125,,,,,,,,,,,,,,,,,
228,,,0.5625,,,,,,,0.1875,,0.0625,,,,,0.125,0.0625,,,,,,,,,,,,,,,,
229,0.022727272727272728,0.011363636363636364,0.4318181818181818,,,,,,,,,0.011363636363636364,,,,,0.056818181818181816,,0.14772727272727273,0.022727272727272728,0.011363636363636364,0.03409090909090909,,,,0.011363636363636364,,,,,,,0.23863636363636365,
230,0.08333333333333333,0.8333333333333334,,,,,,,,,,,,,,,0.08333333333333333,,,,,,,,,,,,,,,,,
231,0.0625,0.625,,,,,,,,,,,,,,,0.3125,,,,,,,,,,,,,,,,,
232,0.125,0.3125,,,,,,,,,,,,,,,0.125,,,,,,,,,,,,,,0.4375,,,
233,0.125,0.5,,,,,,,,,,,,,,,0.375,,,,,,,,,,,,,,,,,
234,0.0625,0.25,,,,,,,,,,,,,,,0.25,,,,,,,,,,,,,,0.4375,,,
235,0.0625,0.625,,,,,,,,,,,,,,,0.3125,,,,,,,,,,,,,,,,,
236,0.125,0.5625,,,,,,,,,0.1875,,,,,,0.125,,,,,,,,,,,,,,,,,
237,0.125,0.5,,,,,,,,,0.0625,,,,,,0.1875,,,,,,,,,,0.125,,,,,,,
238,0.125,0.625,,,,,,,,,,,,,,,0.0625,,,,,,,,,,0.1875,,,,,,,
239,,0.9166666666666666,,,,,,,,,,,,,,,0.08333333333333333,,,,,,,,,,,,,,,,,
240,0.125,0.5625,,,,,,,,,,,,,,,0.3125,,,,,,,,,,,,,,,,,
241,0.25,0.375,,,,,,,,,,,,,,,0.375,,,,,,,,,,,,,,,,,
242,0.125,0.8125,,,,,,,,,,,,,,,0.0625,,,,,,,,,,,,,,,,,
243,,,0.1,0.6,,,,,,,,,,,,,,,,,0.2,,,,,,,,,,,,0.1,
244,,,0.6153846153846154,,0.07692307692307693,,,,,,,,,,,,,,,,,,0.038461538461538464,0.038461538461538464,,,,,0.07692307692307693,,,,0.15384615384615385,
245,,0.5333333333333333,,,,,,,,,,,0.13333333333333333,,,,,0.06666666666666667,,,,,,,,,,,,,,,0.26666666666666666,
246,0.1875,0.25,,,,,,,,,0.125,,,,,,0.125,,,,,,,,,,,,,,0.3125,,,
247,,0.125,0.875,,,,,,,,,,,,,,,,,,,,,,,,,,,,,,,
248,,,0.25,,,,,,,,,,,,,,0.125,,,,0.625,,,,,,,,,,,,,
249,,0.875,,,,,,,,,,,,,,,0.125,,,,,,,,,,,,,,,,,
250,0.0625,0.0625,0.4375,,,,,,,,,,,,,,,0.4375,,,,,,,,,,,,,,,,
251,,0.16666666666666666,0.16666666666666666,,,,0.16666666666666666,,,,,,,,,,0.08333333333333333,0.16666666666666666,,0.16666666666666666,,,,,,,,0.08333333333333333,,,,,,
252,,,0.6875,,,,,,,,,,,,,,0.125,0.1875,,,,,,,,,,,,,,,,
253,0.125,0.4375,0.3125,,,,,,,,,,,,,,,0.125,,,,,,,,,,,,,,,,
254,,,0.875,,,,,,,,,,,,,,0.125,,,,,,,,,,,,,,,,,
255,0.125,0.625,,,,,,,,,,,,,,,,,,,,,,,,,,,,,0.25,,,
256,,1.0,,,,,,,,,,,,,,,,,,,,,,,,,,,,,,,,
257,0.125,0.875,,,,,,,,,,,,,,,,,,,,,,,,,,,,,,,,
258,0.125,0.25,,,,,,,,,,,,,,,0.1875,,,,,,,,,,0.3125,,,0.125,,,,
259,0.1875,,,,,,,0.1875,,,0.5625,,,,,,,,,,,,,,,,,,,,0.0625,,,
260,,,0.8125,,,,,,,,,,,,,,0.0625,0.125,,,,,,,,,,,,,,,,
261,,0.07142857142857142,0.5,,,,0.07142857142857142,0.07142857142857142,,,,,0.2857142857142857,,,,,,,,,,,,,,,,,,,,,
262,,,0.25,,,,,,,,,0.625,,,,,0.125,,,,,,,,,,,,,,,,,
263,,,0.875,,,,,,,,,,,,,,0.125,,,,,,,,,,,,,,,,,
264,,,0.875,,,,,,,,,,,,,,0.08333333333333333,0.041666666666666664,,,,,,,,,,,,,,,,
265,,0.08333333333333333,0.875,,,,,,,,,,,,,,0.041666666666666664,,,,,,,,,,,,,,,,,
266,,,0.875,,,,,,,,,,,,,,0.125,,,,,,,,,,,,,,,,,
267,,,0.9583333333333334,,,,,,,,,,,,,,0.041666666666666664,,,,,,,,,,,,,,,,,
268,,,0.9,,,,,,,,,,,,,,0.1,,,,,,,,,,,,,,,,,
269,,,0.9166666666666666,,,,,,,,,,,,,,0.08333333333333333,,,,,,,,,,,,,,,,,
270,,,0.875,,,,,,,,,,,,,,0.125,,,,,,,,,,,,,,,,,
271,,0.0625,0.5,,,,0.375,,,,,,,,,,0.0625,,,,,,,,,,,,,,,,,
272,,0.041666666666666664,0.9166666666666666,,,,,,,,,,,,,,0.041666666666666664,,,,,,,,,,,,,,,,,
273,,0.125,0.875,,,,,,,,,,,,,,,,,,,,,,,,,,,,,,,
274,,0.0625,0.875,,,,,,,,,,,,,,0.0625,,,,,,,,,,,,,,,,,
275,,,0.0625,,,,0.8125,,,,,,,,,,0.0625,,,,0.0625,,,,,,,,,,,,,
276,,,0.4444444444444444,,,,,,,,,,,,,,0.16666666666666666,0.3888888888888889,,,,,,,,,,,,,,,,
277,,,0.875,,,,,,,,,,,,,,0.125,,,,,,,,,,,,,,,,,
278,,0.6875,,,,,,,,,0.0625,,,,,,0.25,,,,,,,,,,,,,,,,,
279,0.0625,0.8125,,,,,,,,,,,,,,,0.125,,,,,,,,,,,,,,,,,
280,,,,,,,,,,,,,,,,,,,,,,,,,0.14285714285714285,,0.5,,,0.07142857142857142,0.2857142857142857,,,
281,,,,,,,,,,,,,,,,,,,,,,,,,,,0.1875,,,,0.8125,,,
282,,,,,,,,,,,,,,,,,,,,,,,,,,,0.3333333333333333,,,0.16666666666666666,0.5,,,
283,,,,,,,,,,,,,,,,,,,,,,,,,,,0.3333333333333333,,,,0.6666666666666666,,,
284,,,,,,,,,,,0.2,,,,,,,,,,,,,,,,0.4,,,0.2,0.2,,,
285,,,,,,,,,,,,,,,,,,,,,,,,,,,,,,0.25,0.75,,,
286,,,,,,,,,,,,,,,,,,,,,,,,,,,0.625,,,,0.375,,,
287,,,,,,,,,,,,,,,,,,,,,,,,,,,,,,0.25,0.75,,,
288,,,,,,,,,,,,,,,,,,,,,,,,,,,0.3333333333333333,,,,0.6666666666666666,,,
289,,,,,,,,,,,,,,,,,,,,,,,,,,,0.125,,,0.125,0.75,,,
290,,0.0625,0.5,,,,0.3125,,,,,,,,,,0.125,,,,,,,,,,,,,,,,,
291,,0.125,0.5,,,,,,,,,0.25,0.0625,,,,0.0625,,,,,,,,,,,,,,,,,
292,,,0.8181818181818182,,,,,,0.18181818181818182,,,,,,,,,,,,,,,,,,,,,,,,,
293,,0.10526315789473684,0.7894736842105263,,,,,,0.10526315789473684,,,,,,,,,,,,,,,,,,,,,,,,,
294,,,0.875,,,,,,0.125,,,,,,,,,,,,,,,,,,,,,,,,,
295,,0.0625,0.8125,,,,,,0.125,,,,,,,,,,,,,,,,,,,,,,,,,
296,,0.08333333333333333,0.875,,,,,,,,,,,,,,0.041666666666666664,,,,,,,,,,,,,,,,,
297,,,0.75,,,,,0.125,,,,,,0.125,,,,,,,,,,,,,,,,,,,,
298,,,0.875,,,,,0.125,,,,,,,,,,,,,,,,,,,,,,,,,,
299,,,0.875,,,,,,,,,,,0.125,,,,,,,,,,,,,,,,,,,,
300,,0.125,0.875,,,,,,,,,,,,,,,,,,,,,,,,,,,,,,,
301,,,0.875,,,,,,0.125,,,,,,,,,,,,,,,,,,,,,,,,,
302,,,0.875,,,,,0.125,,,,,,,,,,,,,,,,,,,,,,,,,,
303,,,0.875,,,,,,,,,,,0.08333333333333333,,,0.041666666666666664,,,,,,,,,,,,,,,,,
304,,,1.0,,,,,,,,,,,,,,,,,,,,,,,,,,,,,,,
305,,0.125,0.875,,,,,,,,,,,,,,,,,,,,,,,,,,,,,,,
306,,0.125,0.875,,,,,,,,,,,,,,,,,,,,,,,,,,,,,,,
307,,0.125,0.4375,,,,,,,,,0.3125,,,,,0.125,,,,,,,,,,,,,,,,,
308,,0.08333333333333333,0.875,,,,,,,,,,,,,,0.041666666666666664,,,,,,,,,,,,,,,,,
309,,0.125,0.875,,,,,,,,,,,,,,,,,,,,,,,,,,,,,,,
310,,0.125,0.875,,,,,,,,,,,,,,,,,,,,,,,,,,,,,,,
311,,0.0625,0.875,,,,,,,,,,,,,,0.0625,,,,,,,,,,,,,,,,,
312,,0.125,0.875,,,,,,,,,,,,,,,,,,,,,,,,,,,,,,,
313,,0.125,0.875,,,,,,,,,,,,,,,,,,,,,,,,,,,,,,,
314,,0.125,0.875,,,,,,,,,,,,,,,,,,,,,,,,,,,,,,,
315,,0.125,0.875,,,,,,,,,,,,,,,,,,,,,,,,,,,,,,,
316,,0.16666666666666666,0.8333333333333334,,,,,,,,,,,,,,,,,,,,,,,,,,,,,,,
317,,0.125,0.8125,,,,,,,,,,,,,,0.0625,,,,,,,,,,,,,,,,,
318,,0.125,0.875,,,,,,,,,,,,,,,,,,,,,,,,,,,,,,,
319,,0.125,0.8125,,,,,,,,,,,,,,0.0625,,,,,,,,,,,,,,,,,
320,,,0.8695652173913043,,,,,,,,,,,,,,,0.08695652173913043,,,,,,,,,,,,,,,,0.043478260869565216
321,,0.125,0.6875,0.125,,,,0.0625,,,,,,,,,,,,,,,,,,,,,,,,,,
322,,0.125,0.875,,,,,,,,,,,,,,,,,,,,,,,,,,,,,,,
323,,,0.9166666666666666,,,,,0.08333333333333333,,,,,,,,,,,,,,,,,,,,,,,,,,
324,,0.0625,0.875,,,,,,,,,,,,,,0.0625,,,,,,,,,,,,,,,,,
325,,0.0625,0.875,,,,,,,,,,,,,,0.0625,,,,,,,,,,,,,,,,,
326,,0.75,,,,,,,,,,,,,,,0.25,,,,,,,,,,,,,,,,,
327,0.125,0.8125,,,,,,,,,,,,,,,0.0625,,,,,,,,,,,,,,,,,
328,0.06666666666666667,0.8,,,,,,,,,,,,0.06666666666666667,,,0.06666666666666667,,,,,,,,,,,,,,,,,
329,0.0625,0.5,,,,,,0.3125,,,,,,,,,0.0625,,,,,,,,,,,,,,0.0625,,,
330,,0.6875,,,,,,,,,,,,,,,0.1875,,,,,,,,,,,,,,0.125,,,
331,0.125,0.125,,,,,,0.5625,,,0.125,,,,,,0.0625,,,,,,,,,,,,,,,,,
332,0.07142857142857142,0.42857142857142855,,,,,,,,,,,,,,,0.21428571428571427,,,,,,,,,,0.2857142857142857,,,,,,,
333,0.125,0.5625,,,,,,,,,,,,,,,0.3125,,,,,,,,,,,,,,,,,
334,0.0625,0.9375,,,,,,,,,,,,,,,,,,,,,,,,,,,,,,,,
335,,0.875,,,,,,,,,,,,,,,0.125,,,,,,,,,,,,,,,,,
336,0.125,0.3125,,,,,,,,,,,,,,,0.5625,,,,,,,,,,,,,,,,,
337,,0.875,,,,,,,,,,,,,,,0.125,,,,,,,,,,,,,,,,,
338,,0.041666666666666664,0.7916666666666666,,,,,,,,,,,,0.08333333333333333,,,,,,0.08333333333333333,,,,,,,,,,,,,
339,,,0.26666666666666666,,,,,,,,,,,,,,,0.6666666666666666,,,,,,,,,,,,,,,,0.06666666666666667
340,,,0.875,,,,,,,,,,,,,,0.125,,,,,,,,,,,,,,,,,
341,,0.13333333333333333,0.2,,,,,,,,,0.5333333333333333,,,,,0.13333333333333333,,,,,,,,,,,,,,,,,
342,,0.0625,0.875,,,,,,,,,,,,,,0.0625,,,,,,,,,,,,,,,,,
343,,,0.3125,,,,,,,,,0.5625,,0.125,,,,,,,,,,,,,,,,,,,,
344,,0.0625,0.6875,,,,0.1875,,,,,,,,,,0.0625,,,,,,,,,,,,,,,,,
345,,,0.5,,,,0.375,,,,,,,,,,0.125,,,,,,,,,,,,,,,,,
346,,,0.4375,,,,,,,,,0.5,,,,,0.0625,,,,,,,,,,,,,,,,,
347,,0.16666666666666666,0.8333333333333334,,,,,,,,,,,,,,,,,,,,,,,,,,,,,,,
348,,0.125,0.75,,,,,,,,,,,,,,0.125,,,,,,,,,,,,,,,,,
349,0.0625,,0.625,,,,,,,,,,,,,,,,,,0.3125,,,,,,,,,,,,,
350,,,0.26666666666666666,0.06666666666666667,,,,,,,,,,,,,0.13333333333333333,0.5333333333333333,,,,,,,,,,,,,,,,
351,,0.0625,0.875,,,,,,,,,,,,,,0.0625,,,,,,,,,,,,,,,,,
352,,,0.875,,,,,,,,,,,,,,0.125,,,,,,,,,,,,,,,,,
353,,,0.375,,,,0.0625,,,,,,,0.125,,,,0.4375,,,,,,,,,,,,,,,,
354,0.0625,0.125,,,,,,0.1875,,,,,,,,,0.125,,,,,,,,,,,,,,0.5,,,
355,,0.6875,,,,,,,,,,,,,,,0.1875,,,,,,,,,,,,,,0.125,,,
356,,,0.8846153846153846,,,,,,,,,,,,,,0.019230769230769232,,,0.019230769230769232,0.07692307692307693,,,,,,,,,,,,,
357,,0.0625,0.875,,,,,,,,,,,,,,0.0625,,,,,,,,,,,,,,,,,
358,,,0.875,,,,,,,,,,,,,,0.125,,,,,,,,,,,,,,,,,
359,,,0.8333333333333334,,,,,,,,,,,,,,0.125,,,,0.041666666666666664,,,,,,,,,,,,,
360,,,0.625,,,,,,,,,,,,,,0.08333333333333333,0.125,,,0.16666666666666666,,,,,,,,,,,,,
361,,0.21875,0.78125,,,,,,,,,,,,,,,,,,,,,,,,,,,,,,,
362,,0.09375,0.84375,,,,,,,,,,,,,,0.0625,,,,,,,,,,,,,,,,,
363,,0.125,0.875,,,,,,,,,,,,,,,,,,,,,,,,,,,,,,,
364,,0.125,0.875,,,,,,,,,,,,,,,,,,,,,,,,,,,,,,,
365,,0.125,0.5625,,,,0.1875,,,,,,,,,,,0.125,,,,,,,,,,,,,,,,
366,,,0.9090909090909091,,,,,,,,,,,,,,0.09090909090909091,,,,,,,,,,,,,,,,,
367,0.125,0.75,,,,,,,,,,,,,,,,,,,,,,,,,,,,,0.125,,,
368,0.0625,0.625,,,,,,,,,,,,,,,0.0625,,,,,,,,,,,,,,0.25,,,
369,,0.625,,,,,,,,,,,,,,,0.375,,,,,,,,,,,,,,,,,
370,,,0.8125,,,,,,,,,,,,,,0.125,0.0625,,,,,,,,,,,,,,,,
371,,,0.4375,,,,,,,,,,,,,,0.09375,0.4375,,,,,,,,,,,,,,,0.03125,
372,,,0.6875,,,,,,,,,0.03125,,,,,0.09375,0.1875,,,,,,,,,,,,,,,,
373,,,0.8333333333333334,,,,,,,,,,,,,,0.16666666666666666,,,,,,,,,,,,,,,,,
374,,0.05,0.525,0.05,,,0.2,,,,,,,0.05,,,0.125,,,,,,,,,,,,,,,,,
375,,,0.8541666666666666,,,,,,,,,,,,,,0.10416666666666667,,,,0.041666666666666664,,,,,,,,,,,,,
376,,0.0625,0.1875,,,,0.125,0.0625,,,,,,,,,0.5625,,,,,,,,,,,,,,,,,
377,,,0.875,,,,,,,,,,,,,,0.125,,,,,,,,,,,,,,,,,
378,,,,,,,,,,,,,,,,,0.125,0.875,,,,,,,,,,,,,,,,
379,,0.08333333333333333,0.9166666666666666,,,,,,,,,,,,,,,,,,,,,,,,,,,,,,,
380,,0.0625,0.875,,,,,,,,,,,,,,0.0625,,,,,,,,,,,,,,,,,
381,,0.0625,0.875,,,,,,,,,,,,,,0.0625,,,,,,,,,,,,,,,,,
382,,0.08333333333333333,0.875,,,,,,,,,,,,,,0.041666666666666664,,,,,,,,,,,,,,,,,
383,,,0.875,,,,,,,,,,,,,,0.125,,,,,,,,,,,,,,,,,
384,,0.0625,0.9375,,,,,,,,,,,,,,,,,,,,,,,,,,,,,,,
385,,,0.9333333333333333,,,,,,,,,,,,,,0.06666666666666667,,,,,,,,,,,,,,,,,
386,,0.041666666666666664,0.9583333333333334,,,,,,,,,,,,,,,,,,,,,,,,,,,,,,,
387,,0.0625,0.9375,,,,,,,,,,,,,,,,,,,,,,,,,,,,,,,
388,,0.045454545454545456,0.9545454545454546,,,,,,,,,,,,,,,,,,,,,,,,,,,,,,,
389,,0.08333333333333333,0.9166666666666666,,,,,,,,,,,,,,,,,,,,,,,,,,,,,,,
390,,0.041666666666666664,0.9583333333333334,,,,,,,,,,,,,,,,,,,,,,,,,,,,,,,
391,0.14285714285714285,,,,,,,,,,,,,,,,,,,,,,,,0.09523809523809523,,,,,,0.7619047619047619,,,
392,0.13333333333333333,,,,,,,,,,,,,,,,,,,,,,,,0.044444444444444446,,0.15555555555555556,,,,0.6666666666666666,,,
393,,0.3125,0.1875,,,0.3125,,,,,,,,,,,0.1875,,,,,,,,,,,,,,,,,
394,,0.125,0.875,,,,,,,,,,,,,,,,,,,,,,,,,,,,,,,
395,,,,,,,,,,,,,,,,,,0.9827586206896551,,,0.017241379310344827,,,,,,,,,,,,,
396,,0.08333333333333333,0.9166666666666666,,,,,,,,,,,,,,,,,,,,,,,,,,,,,,,
397,,0.09375,0.71875,,,,,,,,,,0.09375,,,,0.09375,,,,,,,,,,,,,,,,,
398,,,0.875,,,,,,,,,,,,,,0.125,,,,,,,,,,,,,,,,,
399,,0.09523809523809523,0.7142857142857143,,,,,,,,,,0.14285714285714285,,,,0.047619047619047616,,,,,,,,,,,,,,,,,
400,,,0.16666666666666666,0.08333333333333333,,,,,,,,0.6666666666666666,,,,,0.08333333333333333,,,,,,,,,,,,,,,,,
401,,0.027777777777777776,0.3611111111111111,,,,0.2222222222222222,,,,,,,,,0.08333333333333333,0.027777777777777776,0.1111111111111111,,,0.16666666666666666,,,,,,,,,,,,,
402,,,0.875,,,,,,,,,,,,,,0.125,,,,,,,,,,,,,,,,,
403,,0.125,0.5625,,,,,,,,,,0.3125,,,,,,,,,,,,,,,,,,,,,
404,,0.027777777777777776,0.7777777777777778,,,,,,,,,0.05555555555555555,0.1111111111111111,,,,0.027777777777777776,,,,,,,,,,,,,,,,,
405,,0.125,0.875,,,,,,,,,,,,,,,,,,,,,,,,,,,,,,,
406,,0.0625,0.4375,,,,,,,,,,,,,,0.0625,0.4375,,,,,,,,,,,,,,,,
407,,0.125,0.875,,,,,,,,,,,,,,,,,,,,,,,,,,,,,,,
408,,,1.0,,,,,,,,,,,,,,,,,,,,,,,,,,,,,,,
409,,,1.0,,,,,,,,,,,,,,,,,,,,,,,,,,,,,,,
410,,,1.0,,,,,,,,,,,,,,,,,,,,,,,,,,,,,,,
411,,,0.5,,,,0.375,,,,,,,,,,0.125,,,,,,,,,,,,,,,,,
412,,0.08333333333333333,0.9166666666666666,,,,,,,,,,,,,,,,,,,,,,,,,,,,,,,
413,,,0.25,,,,0.4583333333333333,,,,,0.25,,,,,,,0.041666666666666664,,,,,,,,,,,,,,,
414,,0.1875,0.6875,,,0.0625,,,,,,,,,,,,,,0.0625,,,,,,,,,,,,,,
415,,0.0625,0.9375,,,,,,,,,,,,,,,,,,,,,,,,,,,,,,,
416,,0.125,0.875,,,,,,,,,,,,,,,,,,,,,,,,,,,,,,,
417,,0.125,0.625,,,,,0.0625,,,,,0.125,,,,,,,,,,,,,,,,,,,,,0.0625
418,,0.06666666666666667,0.5333333333333333,,,,0.06666666666666667,,,,,,,,,,0.2,,,,,,,,,,,,,,,,,0.13333333333333333
419,,,0.25,,,,0.625,0.125,,,,,,,,,,,,,,,,,,,,,,,,,,
420,,,0.75,,,,,,,,,,0.125,,,,,0.125,,,,,,,,,,,,,,,,
421,,,1.0,,,,,,,,,,,,,,,,,,,,,,,,,,,,,,,
422,,0.0625,0.8125,,,,,,,,,,,,,,0.125,,,,,,,,,,,,,,,,,
423,,0.041666666666666664,0.8333333333333334,,,,0.041666666666666664,0.08333333333333333,,,,,,,,,,,,,,,,,,,,,,,,,,
424,0.125,0.8125,,,,,,,,,,,,,,,0.0625,,,,,,,,,,,,,,,,,
425,0.125,0.5625,,,,,,,,,0.125,,,,,,0.1875,,,,,,,,,,,,,,,,,
426,0.0625,0.5625,,,,,,,,,0.125,,,,,,0.25,,,,,,,,,,,,,,,,,
427,0.125,0.375,,,,,,0.125,,,,,,,,,0.25,,,,,,,,,,,,,,0.125,,,
428,0.125,0.5625,,,,,,0.1875,,,,,,,,,0.125,,,,,,,,,,,,,,,,,
429,0.125,0.6875,,,,,,0.0625,,,,,,,,,0.125,,,,,,,,,,,,,,,,,
430,0.09090909090909091,0.6363636363636364,,,,,,,,,0.09090909090909091,,,,,,0.18181818181818182,,,,,,,,,,,,,,,,,
431,,0.04,0.76,,,,,,,,,0.2,,,,,,,,,,,,,,,,,,,,,,
432,,,0.875,,,,,,,,,,,,,,0.125,,,,,,,,,,,,,,,,,
433,,0.125,0.875,,,,,,,,,,,,,,,,,,,,,,,,,,,,,,,
434,,,0.5625,,,,,,,,,0.0625,,,,,0.125,0.25,,,,,,,,,,,,,,,,
435,,0.0625,0.4375,,,,,,,,,,,,,,0.0625,0.4375,,,,,,,,,,,,,,,,
