D	ix	dance	full_title	count	title	opus	no	path
128	0	deutscher	12 Wiener Deutsche D 128	12	Wiener Deutsche		1	128/D128deutscher01.mscx
128	1	deutscher	12 Wiener Deutsche D 128	12	Wiener Deutsche		2	128/D128deutscher02.mscx
128	2	deutscher	12 Wiener Deutsche D 128	12	Wiener Deutsche		3	128/D128deutscher03.mscx
128	3	deutscher	12 Wiener Deutsche D 128	12	Wiener Deutsche		4	128/D128deutscher04.mscx
128	4	deutscher	12 Wiener Deutsche D 128	12	Wiener Deutsche		5	128/D128deutscher05.mscx
128	5	deutscher	12 Wiener Deutsche D 128	12	Wiener Deutsche		6	128/D128deutscher06.mscx
128	6	deutscher	12 Wiener Deutsche D 128	12	Wiener Deutsche		7	128/D128deutscher07.mscx
128	7	deutscher	12 Wiener Deutsche D 128	12	Wiener Deutsche		8	128/D128deutscher08.mscx
128	8	deutscher	12 Wiener Deutsche D 128	12	Wiener Deutsche		9	128/D128deutscher09.mscx
128	9	deutscher	12 Wiener Deutsche D 128	12	Wiener Deutsche		10	128/D128deutscher10.mscx
128	10	deutscher	12 Wiener Deutsche D 128	12	Wiener Deutsche		11	128/D128deutscher11.mscx
128	11	deutscher	12 Wiener Deutsche D 128	12	Wiener Deutsche		12	128/D128deutscher12.mscx
139	0	deutscher	Deutscher D 139	1	Deutscher		1	139/D139deutscher01.mscx
145	0	walzer	12 Walzer op. 18 D 145	12	Walzer	op. 18	1	145/D145walzer01.mscx
145	0	ländler	17 Ländler op. 18 D 145	17	Ländler	op. 18	1	145/D145ländler01.mscx
145	0	ecossaise	9 Ecossaisen op. 18 D 145	9	Ecossaisen	op. 18	1	145/D145ecossaise01.mscx
145	1	walzer	12 Walzer op. 18 D 145	12	Walzer	op. 18	2	145/D145walzer02.mscx
145	1	ländler	17 Ländler op. 18 D 145	17	Ländler	op. 18	2	145/D145ländler02.mscx
145	1	ecossaise	9 Ecossaisen op. 18 D 145	9	Ecossaisen	op. 18	2	145/D145ecossaise02.mscx
145	2	walzer	12 Walzer op. 18 D 145	12	Walzer	op. 18	3	145/D145walzer03.mscx
145	2	ländler	17 Ländler op. 18 D 145	17	Ländler	op. 18	3	145/D145ländler03.mscx
145	2	ecossaise	9 Ecossaisen op. 18 D 145	9	Ecossaisen	op. 18	3	145/D145ecossaise03.mscx
145	3	walzer	12 Walzer op. 18 D 145	12	Walzer	op. 18	4	145/D145walzer04.mscx
145	3	ländler	17 Ländler op. 18 D 145	17	Ländler	op. 18	4	145/D145ländler04.mscx
145	3	ecossaise	9 Ecossaisen op. 18 D 145	9	Ecossaisen	op. 18	4	145/D145ecossaise04.mscx
145	4	walzer	12 Walzer op. 18 D 145	12	Walzer	op. 18	5	145/D145walzer05.mscx
145	4	ländler	17 Ländler op. 18 D 145	17	Ländler	op. 18	5	145/D145ländler05.mscx
145	4	ecossaise	9 Ecossaisen op. 18 D 145	9	Ecossaisen	op. 18	5	145/D145ecossaise05.mscx
145	5	walzer	12 Walzer op. 18 D 145	12	Walzer	op. 18	6	145/D145walzer06.mscx
145	5	ländler	17 Ländler op. 18 D 145	17	Ländler	op. 18	6	145/D145ländler06.mscx
145	5	ecossaise	9 Ecossaisen op. 18 D 145	9	Ecossaisen	op. 18	6	145/D145ecossaise06.mscx
145	6	walzer	12 Walzer op. 18 D 145	12	Walzer	op. 18	7	145/D145walzer07.mscx
145	6	ländler	17 Ländler op. 18 D 145	17	Ländler	op. 18	7	145/D145ländler07.mscx
145	6	ecossaise	9 Ecossaisen op. 18 D 145	9	Ecossaisen	op. 18	7	145/D145ecossaise07.mscx
145	7	walzer	12 Walzer op. 18 D 145	12	Walzer	op. 18	8	145/D145walzer08.mscx
145	7	ländler	17 Ländler op. 18 D 145	17	Ländler	op. 18	8	145/D145ländler08.mscx
145	7	ecossaise	9 Ecossaisen op. 18 D 145	9	Ecossaisen	op. 18	8	145/D145ecossaise08.mscx
145	8	walzer	12 Walzer op. 18 D 145	12	Walzer	op. 18	9	145/D145walzer09.mscx
145	8	ländler	17 Ländler op. 18 D 145	17	Ländler	op. 18	9	145/D145ländler09.mscx
145	8	ecossaise	9 Ecossaisen op. 18 D 145	9	Ecossaisen	op. 18	9	145/D145ecossaise09.mscx
145	9	walzer	12 Walzer op. 18 D 145	12	Walzer	op. 18	10	145/D145walzer10.mscx
145	9	ländler	17 Ländler op. 18 D 145	17	Ländler	op. 18	10	145/D145ländler10.mscx
145	10	walzer	12 Walzer op. 18 D 145	12	Walzer	op. 18	11	145/D145walzer11.mscx
145	10	ländler	17 Ländler op. 18 D 145	17	Ländler	op. 18	11	145/D145ländler11.mscx
145	11	walzer	12 Walzer op. 18 D 145	12	Walzer	op. 18	12	145/D145walzer12.mscx
145	11	ländler	17 Ländler op. 18 D 145	17	Ländler	op. 18	12	145/D145ländler12.mscx
145	12	ländler	17 Ländler op. 18 D 145	17	Ländler	op. 18	13	145/D145ländler13.mscx
145	13	ländler	17 Ländler op. 18 D 145	17	Ländler	op. 18	14	145/D145ländler14.mscx
145	14	ländler	17 Ländler op. 18 D 145	17	Ländler	op. 18	15	145/D145ländler15.mscx
145	15	ländler	17 Ländler op. 18 D 145	17	Ländler	op. 18	16	145/D145ländler16.mscx
145	16	ländler	17 Ländler op. 18 D 145	17	Ländler	op. 18	17	145/D145ländler17.mscx
146	0	walzer	20 Letzte Walzer op. post. 127 D 146	20	Letzte Walzer	op. post. 127	1	146/D146walzer01a.mscx
146	0	trio	11+1 Trios op. post. 127 D 146	11+1	Trio	op. post. 127	1	146/D146trio01b.mscx
146	1	walzer	20 Letzte Walzer op. post. 127 D 146	20	Letzte Walzer	op. post. 127	2	146/D146walzer02.mscx
146	1	trio	11+1 Trios op. post. 127 D 146	11+1	Trio	op. post. 127	3	146/D146trio03b.mscx
146	2	walzer	20 Letzte Walzer op. post. 127 D 146	20	Letzte Walzer	op. post. 127	3	146/D146walzer03a.mscx
146	2	alternative_trio	11+1 Trios op. post. 127 D 146	11+1	alternative_trio	op. post. 127	3	146/D146alternative_trio03b.mscx
146	3	walzer	20 Letzte Walzer op. post. 127 D 146	20	Letzte Walzer	op. post. 127	4	146/D146walzer04a.mscx
146	3	trio	11+1 Trios op. post. 127 D 146	11+1	Trio	op. post. 127	4	146/D146trio04b.mscx
146	4	walzer	20 Letzte Walzer op. post. 127 D 146	20	Letzte Walzer	op. post. 127	5	146/D146walzer05a.mscx
146	4	trio	11+1 Trios op. post. 127 D 146	11+1	Trio	op. post. 127	5	146/D146trio05b.mscx
146	5	walzer	20 Letzte Walzer op. post. 127 D 146	20	Letzte Walzer	op. post. 127	6	146/D146walzer06a.mscx
146	5	trio	11+1 Trios op. post. 127 D 146	11+1	Trio	op. post. 127	6	146/D146trio06b.mscx
146	6	walzer	20 Letzte Walzer op. post. 127 D 146	20	Letzte Walzer	op. post. 127	7	146/D146walzer07a.mscx
146	6	trio	11+1 Trios op. post. 127 D 146	11+1	Trio	op. post. 127	7	146/D146trio07b.mscx
146	7	walzer	20 Letzte Walzer op. post. 127 D 146	20	Letzte Walzer	op. post. 127	8	146/D146walzer08a.mscx
146	7	trio	11+1 Trios op. post. 127 D 146	11+1	Trio	op. post. 127	8	146/D146trio08b.mscx
146	8	walzer	20 Letzte Walzer op. post. 127 D 146	20	Letzte Walzer	op. post. 127	9	146/D146walzer09a.mscx
146	8	trio	11+1 Trios op. post. 127 D 146	11+1	Trio	op. post. 127	9	146/D146trio09b.mscx
146	9	walzer	20 Letzte Walzer op. post. 127 D 146	20	Letzte Walzer	op. post. 127	10	146/D146walzer10a.mscx
146	9	trio	11+1 Trios op. post. 127 D 146	11+1	Trio	op. post. 127	10	146/D146trio10b.mscx
146	10	walzer	20 Letzte Walzer op. post. 127 D 146	20	Letzte Walzer	op. post. 127	11	146/D146walzer11a.mscx
146	10	trio	11+1 Trios op. post. 127 D 146	11+1	Trio	op. post. 127	11	146/D146trio11b.mscx
146	11	walzer	20 Letzte Walzer op. post. 127 D 146	20	Letzte Walzer	op. post. 127	12	146/D146walzer12.mscx
146	11	trio	11+1 Trios op. post. 127 D 146	11+1	Trio	op. post. 127	20	146/D146trio20b.mscx
146	12	walzer	20 Letzte Walzer op. post. 127 D 146	20	Letzte Walzer	op. post. 127	13	146/D146walzer13.mscx
146	13	walzer	20 Letzte Walzer op. post. 127 D 146	20	Letzte Walzer	op. post. 127	14	146/D146walzer14.mscx
146	14	walzer	20 Letzte Walzer op. post. 127 D 146	20	Letzte Walzer	op. post. 127	15	146/D146walzer15.mscx
146	15	walzer	20 Letzte Walzer op. post. 127 D 146	20	Letzte Walzer	op. post. 127	16	146/D146walzer16.mscx
146	16	walzer	20 Letzte Walzer op. post. 127 D 146	20	Letzte Walzer	op. post. 127	17	146/D146walzer17.mscx
146	17	walzer	20 Letzte Walzer op. post. 127 D 146	20	Letzte Walzer	op. post. 127	18	146/D146walzer18.mscx
146	18	walzer	20 Letzte Walzer op. post. 127 D 146	20	Letzte Walzer	op. post. 127	19	146/D146walzer19.mscx
146	19	walzer	20 Letzte Walzer op. post. 127 D 146	20	Letzte Walzer	op. post. 127	20	146/D146walzer20a.mscx
158	0	ecossaise	Ecossaise D 158	1	Ecossaise		1	158/D158ecossaise01.mscx
299	0	ecossaise	12 Ecossaisen D 299	12	Ecossaisen		1	299/D299ecossaise01.mscx
299	1	ecossaise	12 Ecossaisen D 299	12	Ecossaisen		2	299/D299ecossaise02.mscx
299	2	ecossaise	12 Ecossaisen D 299	12	Ecossaisen		3	299/D299ecossaise03.mscx
299	3	ecossaise	12 Ecossaisen D 299	12	Ecossaisen		4	299/D299ecossaise04.mscx
299	4	ecossaise	12 Ecossaisen D 299	12	Ecossaisen		5	299/D299ecossaise05.mscx
299	5	ecossaise	12 Ecossaisen D 299	12	Ecossaisen		6	299/D299ecossaise06.mscx
299	6	ecossaise	12 Ecossaisen D 299	12	Ecossaisen		7	299/D299ecossaise07.mscx
299	7	ecossaise	12 Ecossaisen D 299	12	Ecossaisen		8	299/D299ecossaise08.mscx
299	8	ecossaise	12 Ecossaisen D 299	12	Ecossaisen		9	299/D299ecossaise09.mscx
299	9	ecossaise	12 Ecossaisen D 299	12	Ecossaisen		10	299/D299ecossaise10.mscx
299	10	ecossaise	12 Ecossaisen D 299	12	Ecossaisen		11	299/D299ecossaise11.mscx
299	11	ecossaise	12 Ecossaisen D 299	12	Ecossaisen		12	299/D299ecossaise12.mscx
334	0	menuett	Menuett D 334	1	Menuett		1	334/D334menuett01a.mscx
334	0	trio	1 Trio D 334	1	Trio		1	334/D334trio01b.mscx
335	0	menuett	Menuett D 335	1	Menuett		1	335/D335menuett01a.mscx
335	0	trioi	1*II Trios D 335	1*II	TrioI		1	335/D335trioI01b.mscx
335	1	trioii	1*II Trios D 335	1*II	TrioII		1	335/D335trioII01c.mscx
336	0	menuett	Menuett D 336	1	Menuett		1	336/D336menuett01a.mscx
336	0	trio	1 Trio D 336	1	Trio		1	336/D336trio01b.mscx
365	0	walzer	36 Erste Walzer op. 9 D 365	36	Erste Walzer	op. 9	1	365/D365walzer01.mscx
365	1	walzer	36 Erste Walzer op. 9 D 365	36	Erste Walzer	op. 9	2	365/D365walzer02.mscx
365	2	walzer	36 Erste Walzer op. 9 D 365	36	Erste Walzer	op. 9	3	365/D365walzer03.mscx
365	3	walzer	36 Erste Walzer op. 9 D 365	36	Erste Walzer	op. 9	4	365/D365walzer04.mscx
365	4	walzer	36 Erste Walzer op. 9 D 365	36	Erste Walzer	op. 9	5	365/D365walzer05.mscx
365	5	walzer	36 Erste Walzer op. 9 D 365	36	Erste Walzer	op. 9	6	365/D365walzer06.mscx
365	6	walzer	36 Erste Walzer op. 9 D 365	36	Erste Walzer	op. 9	7	365/D365walzer07.mscx
365	7	walzer	36 Erste Walzer op. 9 D 365	36	Erste Walzer	op. 9	8	365/D365walzer08.mscx
365	8	walzer	36 Erste Walzer op. 9 D 365	36	Erste Walzer	op. 9	9	365/D365walzer09.mscx
365	9	walzer	36 Erste Walzer op. 9 D 365	36	Erste Walzer	op. 9	10	365/D365walzer10.mscx
365	10	walzer	36 Erste Walzer op. 9 D 365	36	Erste Walzer	op. 9	11	365/D365walzer11.mscx
365	11	walzer	36 Erste Walzer op. 9 D 365	36	Erste Walzer	op. 9	12	365/D365walzer12.mscx
365	12	walzer	36 Erste Walzer op. 9 D 365	36	Erste Walzer	op. 9	13	365/D365walzer13.mscx
365	13	walzer	36 Erste Walzer op. 9 D 365	36	Erste Walzer	op. 9	14	365/D365walzer14.mscx
365	14	walzer	36 Erste Walzer op. 9 D 365	36	Erste Walzer	op. 9	15	365/D365walzer15.mscx
365	15	walzer	36 Erste Walzer op. 9 D 365	36	Erste Walzer	op. 9	16	365/D365walzer16.mscx
365	16	walzer	36 Erste Walzer op. 9 D 365	36	Erste Walzer	op. 9	17	365/D365walzer17.mscx
365	17	walzer	36 Erste Walzer op. 9 D 365	36	Erste Walzer	op. 9	18	365/D365walzer18.mscx
365	18	walzer	36 Erste Walzer op. 9 D 365	36	Erste Walzer	op. 9	19	365/D365walzer19.mscx
365	19	walzer	36 Erste Walzer op. 9 D 365	36	Erste Walzer	op. 9	20	365/D365walzer20.mscx
365	20	walzer	36 Erste Walzer op. 9 D 365	36	Erste Walzer	op. 9	21	365/D365walzer21.mscx
365	21	walzer	36 Erste Walzer op. 9 D 365	36	Erste Walzer	op. 9	22	365/D365walzer22.mscx
365	22	walzer	36 Erste Walzer op. 9 D 365	36	Erste Walzer	op. 9	23	365/D365walzer23.mscx
365	23	walzer	36 Erste Walzer op. 9 D 365	36	Erste Walzer	op. 9	24	365/D365walzer24.mscx
365	24	walzer	36 Erste Walzer op. 9 D 365	36	Erste Walzer	op. 9	25	365/D365walzer25.mscx
365	25	walzer	36 Erste Walzer op. 9 D 365	36	Erste Walzer	op. 9	26	365/D365walzer26.mscx
365	26	walzer	36 Erste Walzer op. 9 D 365	36	Erste Walzer	op. 9	27	365/D365walzer27.mscx
365	27	walzer	36 Erste Walzer op. 9 D 365	36	Erste Walzer	op. 9	28	365/D365walzer28.mscx
365	28	walzer	36 Erste Walzer op. 9 D 365	36	Erste Walzer	op. 9	29	365/D365walzer29.mscx
365	29	walzer	36 Erste Walzer op. 9 D 365	36	Erste Walzer	op. 9	30	365/D365walzer30.mscx
365	30	walzer	36 Erste Walzer op. 9 D 365	36	Erste Walzer	op. 9	31	365/D365walzer31.mscx
365	31	walzer	36 Erste Walzer op. 9 D 365	36	Erste Walzer	op. 9	32	365/D365walzer32.mscx
365	32	walzer	36 Erste Walzer op. 9 D 365	36	Erste Walzer	op. 9	33	365/D365walzer33.mscx
365	33	walzer	36 Erste Walzer op. 9 D 365	36	Erste Walzer	op. 9	34	365/D365walzer34.mscx
365	34	walzer	36 Erste Walzer op. 9 D 365	36	Erste Walzer	op. 9	35	365/D365walzer35.mscx
365	35	walzer	36 Erste Walzer op. 9 D 365	36	Erste Walzer	op. 9	36	365/D365walzer36.mscx
366	0	ländler	17 Ländler D 366	17	Ländler		1	366/D366ländler01.mscx
366	1	ländler	17 Ländler D 366	17	Ländler		2	366/D366ländler02.mscx
366	2	ländler	17 Ländler D 366	17	Ländler		3	366/D366ländler03.mscx
366	3	ländler	17 Ländler D 366	17	Ländler		4	366/D366ländler04.mscx
366	4	ländler	17 Ländler D 366	17	Ländler		5	366/D366ländler05.mscx
366	5	ländler	17 Ländler D 366	17	Ländler		6	366/D366ländler06.mscx
366	6	ländler	17 Ländler D 366	17	Ländler		7	366/D366ländler07.mscx
366	7	ländler	17 Ländler D 366	17	Ländler		8	366/D366ländler08.mscx
366	8	ländler	17 Ländler D 366	17	Ländler		9	366/D366ländler09.mscx
366	9	ländler	17 Ländler D 366	17	Ländler		10	366/D366ländler10.mscx
366	10	ländler	17 Ländler D 366	17	Ländler		11	366/D366ländler11.mscx
366	11	ländler	17 Ländler D 366	17	Ländler		12	366/D366ländler12.mscx
366	12	ländler	17 Ländler D 366	17	Ländler		13	366/D366ländler13.mscx
366	13	ländler	17 Ländler D 366	17	Ländler		14	366/D366ländler14.mscx
366	14	ländler	17 Ländler D 366	17	Ländler		15	366/D366ländler15.mscx
366	15	ländler	17 Ländler D 366	17	Ländler		16	366/D366ländler16.mscx
366	16	ländler	17 Ländler D 366	17	Ländler		17	366/D366ländler17.mscx
378	0	ländler	8 Ländler D 378	8	Ländler		1	378/D378ländler01.mscx
378	1	ländler	8 Ländler D 378	8	Ländler		2	378/D378ländler02.mscx
378	2	ländler	8 Ländler D 378	8	Ländler		3	378/D378ländler03.mscx
378	3	ländler	8 Ländler D 378	8	Ländler		4	378/D378ländler04.mscx
378	4	ländler	8 Ländler D 378	8	Ländler		5	378/D378ländler05.mscx
378	5	ländler	8 Ländler D 378	8	Ländler		6	378/D378ländler06.mscx
378	6	ländler	8 Ländler D 378	8	Ländler		7	378/D378ländler07.mscx
378	7	ländler	8 Ländler D 378	8	Ländler		8	378/D378ländler08.mscx
380	0	menuett	3 Menuette D 380	3	Menuette		1	380/D380menuett01a.mscx
380	0	trioi	2*II Trios D 380	2*II	TrioI		1	380/D380trioI01b.mscx
380	1	menuett	3 Menuette D 380	3	Menuette		2	380/D380menuett02a.mscx
380	1	trioii	2*II Trios D 380	2*II	TrioII		1	380/D380trioII01c.mscx
380	2	menuett	3 Menuette D 380	3	Menuette		3	380/D380menuett03.mscx
380	2	trioi	2*II Trios D 380	2*II	TrioI		2	380/D380trioI02b.mscx
380	3	trioii	2*II Trios D 380	2*II	TrioII		2	380/D380trioII02c.mscx
41	0	menuett	20 Menuette D 41	20	Menuette		1	41/D041menuett01a.mscx
41	0	trio	20 Trios D 41	20	Trios		1	41/D041trio01b.mscx
41	1	menuett	20 Menuette D 41	20	Menuette		2	41/D041menuett02a.mscx
41	1	trio	20 Trios D 41	20	Trios		2	41/D041trio02b.mscx
41	2	menuett	20 Menuette D 41	20	Menuette		3	41/D041menuett03a.mscx
41	2	trio	20 Trios D 41	20	Trios		3	41/D041trio03b.mscx
41	3	menuett	20 Menuette D 41	20	Menuette		4	41/D041menuett04a.mscx
41	3	trio	20 Trios D 41	20	Trios		4	41/D041trio04b.mscx
41	4	menuett	20 Menuette D 41	20	Menuette		5	41/D041menuett05a.mscx
41	4	trio	20 Trios D 41	20	Trios		5	41/D041trio05b.mscx
41	5	menuett	20 Menuette D 41	20	Menuette		6	41/D041menuett06a.mscx
41	5	trio	20 Trios D 41	20	Trios		6	41/D041trio06b.mscx
41	6	menuett	20 Menuette D 41	20	Menuette		7	41/D041menuett07a.mscx
41	6	trio	20 Trios D 41	20	Trios		7	41/D041trio07b.mscx
41	7	menuett	20 Menuette D 41	20	Menuette		8	41/D041menuett08a.mscx
41	7	trio	20 Trios D 41	20	Trios		8	41/D041trio08b.mscx
41	8	menuett	20 Menuette D 41	20	Menuette		9	41/D041menuett09a.mscx
41	8	trio	20 Trios D 41	20	Trios		9	41/D041trio09b.mscx
41	9	menuett	20 Menuette D 41	20	Menuette		10	41/D041menuett10a.mscx
41	9	trio	20 Trios D 41	20	Trios		10	41/D041trio10b.mscx
41	10	menuett	20 Menuette D 41	20	Menuette		11	41/D041menuett11a.mscx
41	10	trio	20 Trios D 41	20	Trios		11	41/D041trio11b.mscx
41	11	menuett	20 Menuette D 41	20	Menuette		12	41/D041menuett12a.mscx
41	11	trio	20 Trios D 41	20	Trios		12	41/D041trio12b.mscx
41	12	menuett	20 Menuette D 41	20	Menuette		13	41/D041menuett13a.mscx
41	12	trio	20 Trios D 41	20	Trios		13	41/D041trio13b.mscx
41	13	menuett	20 Menuette D 41	20	Menuette		14	41/D041menuett14a.mscx
41	13	trio	20 Trios D 41	20	Trios		14	41/D041trio14b.mscx
41	14	menuett	20 Menuette D 41	20	Menuette		15	41/D041menuett15a.mscx
41	14	trio	20 Trios D 41	20	Trios		15	41/D041trio15b.mscx
41	15	menuett	20 Menuette D 41	20	Menuette		16	41/D041menuett16a.mscx
41	15	trio	20 Trios D 41	20	Trios		16	41/D041trio16b.mscx
41	16	menuett	20 Menuette D 41	20	Menuette		17	41/D041menuett17a.mscx
41	16	trio	20 Trios D 41	20	Trios		17	41/D041trio17b.mscx
41	17	menuett	20 Menuette D 41	20	Menuette		18	41/D041menuett18a.mscx
41	17	trio	20 Trios D 41	20	Trios		18	41/D041trio18b.mscx
41	18	menuett	20 Menuette D 41	20	Menuette		19	41/D041menuett19a.mscx
41	18	trio	20 Trios D 41	20	Trios		19	41/D041trio19b.mscx
41	19	menuett	20 Menuette D 41	20	Menuette		20	41/D041menuett20a.mscx
41	19	trio	20 Trios D 41	20	Trios		20	41/D041trio20b.mscx
420	0	deutscher	12 Deutsche Tänze D 420	12	Deutsche Tänze		1	420/D420deutscher01.mscx
420	1	deutscher	12 Deutsche Tänze D 420	12	Deutsche Tänze		2	420/D420deutscher02.mscx
420	2	deutscher	12 Deutsche Tänze D 420	12	Deutsche Tänze		3	420/D420deutscher03.mscx
420	3	deutscher	12 Deutsche Tänze D 420	12	Deutsche Tänze		4	420/D420deutscher04.mscx
420	4	deutscher	12 Deutsche Tänze D 420	12	Deutsche Tänze		5	420/D420deutscher05.mscx
420	5	deutscher	12 Deutsche Tänze D 420	12	Deutsche Tänze		6	420/D420deutscher06.mscx
420	6	deutscher	12 Deutsche Tänze D 420	12	Deutsche Tänze		7	420/D420deutscher07.mscx
420	7	deutscher	12 Deutsche Tänze D 420	12	Deutsche Tänze		8	420/D420deutscher08.mscx
420	8	deutscher	12 Deutsche Tänze D 420	12	Deutsche Tänze		9	420/D420deutscher09.mscx
420	9	deutscher	12 Deutsche Tänze D 420	12	Deutsche Tänze		10	420/D420deutscher10.mscx
420	10	deutscher	12 Deutsche Tänze D 420	12	Deutsche Tänze		11	420/D420deutscher11.mscx
420	11	deutscher	12 Deutsche Tänze D 420	12	Deutsche Tänze		12	420/D420deutscher12.mscx
421	0	ecossaise	6 Ecossaisen D 421	6	Ecossaisen		1	421/D421ecossaise01.mscx
421	1	ecossaise	6 Ecossaisen D 421	6	Ecossaisen		2	421/D421ecossaise02.mscx
421	2	ecossaise	6 Ecossaisen D 421	6	Ecossaisen		3	421/D421ecossaise03.mscx
421	3	ecossaise	6 Ecossaisen D 421	6	Ecossaisen		4	421/D421ecossaise04.mscx
421	4	ecossaise	6 Ecossaisen D 421	6	Ecossaisen		5	421/D421ecossaise05.mscx
421	5	ecossaise	6 Ecossaisen D 421	6	Ecossaisen		6	421/D421ecossaise06.mscx
511	0	ecossaise	Ecossaise D 511	1	Ecossaise		1	511/D511ecossaise01.mscx
529	0	ecossaise	8 Ecossaisen D 529	8	Ecossaisen		1	529/D529ecossaise01.mscx
529	1	ecossaise	8 Ecossaisen D 529	8	Ecossaisen		2	529/D529ecossaise02.mscx
529	2	ecossaise	8 Ecossaisen D 529	8	Ecossaisen		3	529/D529ecossaise03.mscx
529	3	ecossaise	8 Ecossaisen D 529	8	Ecossaisen		4	529/D529ecossaise04.mscx
529	4	ecossaise	8 Ecossaisen D 529	8	Ecossaisen		5	529/D529ecossaise05.mscx
529	5	ecossaise	8 Ecossaisen D 529	8	Ecossaisen		6	529/D529ecossaise06.mscx
529	6	ecossaise	8 Ecossaisen D 529	8	Ecossaisen		7	529/D529ecossaise07.mscx
529	7	ecossaise	8 Ecossaisen D 529	8	Ecossaisen		8	529/D529ecossaise08.mscx
600	0	menuett	Menuett D 600	1	Menuett		1	600/D600menuett01.mscx
610	0	trio	Trio zu betrachten als verlorner Sohn eines Menuetts D 610	1	Trio zu betrachten als verlorner Sohn eines Menuetts		1	610/D610trio01.mscx
643	0	deutscher	Deutscher Tanz D 643	1	Deutscher Tanz		1	643/D643deutscher01.mscx
643	0	ecossaise	Ecossaise D 643	1	Ecossaise		1	643/D643ecossaise01.mscx
679	0	ländler	2 Ländler D 679 (980B)	2	Ländler		1	679/D679ländler01.mscx
679	1	ländler	2 Ländler D 679 (980B)	2	Ländler		2	679/D679ländler02.mscx
681	0	ländler	8 Ländler D 681	8	Ländler		1	681/D681ländler01.mscx
681	1	ländler	8 Ländler D 681	8	Ländler		2	681/D681ländler02.mscx
681	2	ländler	8 Ländler D 681	8	Ländler		3	681/D681ländler03.mscx
681	3	ländler	8 Ländler D 681	8	Ländler		4	681/D681ländler04.mscx
681	4	ländler	8 Ländler D 681	8	Ländler		5	681/D681ländler05.mscx
681	5	ländler	8 Ländler D 681	8	Ländler		6	681/D681ländler06.mscx
681	6	ländler	8 Ländler D 681	8	Ländler		7	681/D681ländler07.mscx
681	7	ländler	8 Ländler D 681	8	Ländler		8	681/D681ländler08.mscx
697	0	ecossaise	5 Ecossaisen D 697	5	Ecossaisen		1	697/D697ecossaise01.mscx
697	1	ecossaise	5 Ecossaisen D 697	5	Ecossaisen		2	697/D697ecossaise02.mscx
697	2	ecossaise	5 Ecossaisen D 697	5	Ecossaisen		3	697/D697ecossaise03.mscx
697	3	ecossaise	5 Ecossaisen D 697	5	Ecossaisen		4	697/D697ecossaise04.mscx
697	4	ecossaise	5 Ecossaisen D 697	5	Ecossaisen		5	697/D697ecossaise05.mscx
718	0	walzer	Variation über einen Walzer von A. Diabelli D 718	1	Variation über einen Walzer von A. Diabelli		1	718/D718walzer01.mscx
722	0	deutscher	Deutscher Tanz D 722	1	Deutscher Tanz		1	722/D722deutscher01.mscx
734	0	ländler	16 Ländler op. 67 D 734	16	Ländler	op. 67	1	734/D734ländler01.mscx
734	0	ecossaise	2 Ecossaisen op. 67 D 734	2	Ecossaisen	op. 67	1	734/D734ecossaise01.mscx
734	1	ländler	16 Ländler op. 67 D 734	16	Ländler	op. 67	2	734/D734ländler02.mscx
734	1	ecossaise	2 Ecossaisen op. 67 D 734	2	Ecossaisen	op. 67	2	734/D734ecossaise02.mscx
734	2	ländler	16 Ländler op. 67 D 734	16	Ländler	op. 67	3	734/D734ländler03.mscx
734	3	ländler	16 Ländler op. 67 D 734	16	Ländler	op. 67	4	734/D734ländler04.mscx
734	4	ländler	16 Ländler op. 67 D 734	16	Ländler	op. 67	5	734/D734ländler05.mscx
734	5	ländler	16 Ländler op. 67 D 734	16	Ländler	op. 67	6	734/D734ländler06.mscx
734	6	ländler	16 Ländler op. 67 D 734	16	Ländler	op. 67	7	734/D734ländler07.mscx
734	7	ländler	16 Ländler op. 67 D 734	16	Ländler	op. 67	8	734/D734ländler08.mscx
734	8	ländler	16 Ländler op. 67 D 734	16	Ländler	op. 67	9	734/D734ländler09.mscx
734	9	ländler	16 Ländler op. 67 D 734	16	Ländler	op. 67	10	734/D734ländler10.mscx
734	10	ländler	16 Ländler op. 67 D 734	16	Ländler	op. 67	11	734/D734ländler11.mscx
734	11	ländler	16 Ländler op. 67 D 734	16	Ländler	op. 67	12	734/D734ländler12.mscx
734	12	ländler	16 Ländler op. 67 D 734	16	Ländler	op. 67	13	734/D734ländler13.mscx
734	13	ländler	16 Ländler op. 67 D 734	16	Ländler	op. 67	14	734/D734ländler14.mscx
734	14	ländler	16 Ländler op. 67 D 734	16	Ländler	op. 67	15	734/D734ländler15.mscx
734	15	ländler	16 Ländler op. 67 D 734	16	Ländler	op. 67	16	734/D734ländler16.mscx
735	0	ecossaise	8 Ecossaisen op. 49 D 735	8	Ecossaisen	op. 49	1	735/D735ecossaise01.mscx
735	0	galopp	Galopp op. 49 D 735	1	Galopp	op. 49	1	735/D735galopp01.mscx
735	1	ecossaise	8 Ecossaisen op. 49 D 735	8	Ecossaisen	op. 49	2	735/D735ecossaise02.mscx
735	2	ecossaise	8 Ecossaisen op. 49 D 735	8	Ecossaisen	op. 49	3	735/D735ecossaise03.mscx
735	3	ecossaise	8 Ecossaisen op. 49 D 735	8	Ecossaisen	op. 49	4	735/D735ecossaise04.mscx
735	4	ecossaise	8 Ecossaisen op. 49 D 735	8	Ecossaisen	op. 49	5	735/D735ecossaise05.mscx
735	5	ecossaise	8 Ecossaisen op. 49 D 735	8	Ecossaisen	op. 49	6	735/D735ecossaise06.mscx
735	6	ecossaise	8 Ecossaisen op. 49 D 735	8	Ecossaisen	op. 49	7	735/D735ecossaise07.mscx
735	7	ecossaise	8 Ecossaisen op. 49 D 735	8	Ecossaisen	op. 49	8	735/D735ecossaise08.mscx
769	0	deutscher	2 Deutsche Tänze D 769	2	Deutsche Tänze		1	769/D769deutscher01.mscx
769	1	deutscher	2 Deutsche Tänze D 769	2	Deutsche Tänze		2	769/D769deutscher02.mscx
779	0	walzer	34 Valses sentimentales op. 50 D 779	34	Valses sentimentales	op. 50	1	779/D779walzer01.mscx
779	1	walzer	34 Valses sentimentales op. 50 D 779	34	Valses sentimentales	op. 50	2	779/D779walzer02.mscx
779	2	walzer	34 Valses sentimentales op. 50 D 779	34	Valses sentimentales	op. 50	3	779/D779walzer03.mscx
779	3	walzer	34 Valses sentimentales op. 50 D 779	34	Valses sentimentales	op. 50	4	779/D779walzer04.mscx
779	4	walzer	34 Valses sentimentales op. 50 D 779	34	Valses sentimentales	op. 50	5	779/D779walzer05.mscx
779	5	walzer	34 Valses sentimentales op. 50 D 779	34	Valses sentimentales	op. 50	6	779/D779walzer06.mscx
779	6	walzer	34 Valses sentimentales op. 50 D 779	34	Valses sentimentales	op. 50	7	779/D779walzer07.mscx
779	7	walzer	34 Valses sentimentales op. 50 D 779	34	Valses sentimentales	op. 50	8	779/D779walzer08.mscx
779	8	walzer	34 Valses sentimentales op. 50 D 779	34	Valses sentimentales	op. 50	9	779/D779walzer09.mscx
779	9	walzer	34 Valses sentimentales op. 50 D 779	34	Valses sentimentales	op. 50	10	779/D779walzer10.mscx
779	10	walzer	34 Valses sentimentales op. 50 D 779	34	Valses sentimentales	op. 50	11	779/D779walzer11.mscx
779	11	walzer	34 Valses sentimentales op. 50 D 779	34	Valses sentimentales	op. 50	12	779/D779walzer12.mscx
779	12	walzer	34 Valses sentimentales op. 50 D 779	34	Valses sentimentales	op. 50	13	779/D779walzer13.mscx
779	13	walzer	34 Valses sentimentales op. 50 D 779	34	Valses sentimentales	op. 50	14	779/D779walzer14.mscx
779	14	walzer	34 Valses sentimentales op. 50 D 779	34	Valses sentimentales	op. 50	15	779/D779walzer15.mscx
779	15	walzer	34 Valses sentimentales op. 50 D 779	34	Valses sentimentales	op. 50	16	779/D779walzer16.mscx
779	16	walzer	34 Valses sentimentales op. 50 D 779	34	Valses sentimentales	op. 50	17	779/D779walzer17.mscx
779	17	walzer	34 Valses sentimentales op. 50 D 779	34	Valses sentimentales	op. 50	18	779/D779walzer18.mscx
779	18	walzer	34 Valses sentimentales op. 50 D 779	34	Valses sentimentales	op. 50	19	779/D779walzer19.mscx
779	19	walzer	34 Valses sentimentales op. 50 D 779	34	Valses sentimentales	op. 50	20	779/D779walzer20.mscx
779	20	walzer	34 Valses sentimentales op. 50 D 779	34	Valses sentimentales	op. 50	21	779/D779walzer21.mscx
779	21	walzer	34 Valses sentimentales op. 50 D 779	34	Valses sentimentales	op. 50	22	779/D779walzer22.mscx
779	22	walzer	34 Valses sentimentales op. 50 D 779	34	Valses sentimentales	op. 50	23	779/D779walzer23.mscx
779	23	walzer	34 Valses sentimentales op. 50 D 779	34	Valses sentimentales	op. 50	24	779/D779walzer24.mscx
779	24	walzer	34 Valses sentimentales op. 50 D 779	34	Valses sentimentales	op. 50	25	779/D779walzer25.mscx
779	25	walzer	34 Valses sentimentales op. 50 D 779	34	Valses sentimentales	op. 50	26	779/D779walzer26.mscx
779	26	walzer	34 Valses sentimentales op. 50 D 779	34	Valses sentimentales	op. 50	27	779/D779walzer27.mscx
779	27	walzer	34 Valses sentimentales op. 50 D 779	34	Valses sentimentales	op. 50	28	779/D779walzer28.mscx
779	28	walzer	34 Valses sentimentales op. 50 D 779	34	Valses sentimentales	op. 50	29	779/D779walzer29.mscx
779	29	walzer	34 Valses sentimentales op. 50 D 779	34	Valses sentimentales	op. 50	30	779/D779walzer30.mscx
779	30	walzer	34 Valses sentimentales op. 50 D 779	34	Valses sentimentales	op. 50	31	779/D779walzer31.mscx
779	31	walzer	34 Valses sentimentales op. 50 D 779	34	Valses sentimentales	op. 50	32	779/D779walzer32.mscx
779	32	walzer	34 Valses sentimentales op. 50 D 779	34	Valses sentimentales	op. 50	33	779/D779walzer33.mscx
779	33	walzer	34 Valses sentimentales op. 50 D 779	34	Valses sentimentales	op. 50	34	779/D779walzer34.mscx
781	0	ecossaise	11 Ecossaisen D 781	11	Ecossaisen		1	781/D781ecossaise01.mscx
781	1	ecossaise	11 Ecossaisen D 781	11	Ecossaisen		2	781/D781ecossaise02.mscx
781	2	ecossaise	11 Ecossaisen D 781	11	Ecossaisen		3	781/D781ecossaise03.mscx
781	3	ecossaise	11 Ecossaisen D 781	11	Ecossaisen		4	781/D781ecossaise04.mscx
781	4	ecossaise	11 Ecossaisen D 781	11	Ecossaisen		5	781/D781ecossaise05.mscx
781	5	ecossaise	11 Ecossaisen D 781	11	Ecossaisen		6	781/D781ecossaise06.mscx
781	6	ecossaise	11 Ecossaisen D 781	11	Ecossaisen		7	781/D781ecossaise07.mscx
781	7	ecossaise	11 Ecossaisen D 781	11	Ecossaisen		8	781/D781ecossaise08.mscx
781	8	ecossaise	11 Ecossaisen D 781	11	Ecossaisen		9	781/D781ecossaise09.mscx
781	9	ecossaise	11 Ecossaisen D 781	11	Ecossaisen		10	781/D781ecossaise10.mscx
781	10	ecossaise	11 Ecossaisen D 781	11	Ecossaisen		11	781/D781ecossaise11.mscx
782	0	ecossaise	Ecossaise D 782	1	Ecossaise		1	782/D782ecossaise01.mscx
783	0	deutscher	16 Deutsche Tänze op. 33 D 783	16	Deutsche Tänze	op. 33	1	783/D783deutscher01.mscx
783	0	ecossaise	2 Ecossaisen op. 33 D 783	2	Ecossaisen	op. 33	1	783/D783ecossaise01.mscx
783	1	deutscher	16 Deutsche Tänze op. 33 D 783	16	Deutsche Tänze	op. 33	2	783/D783deutscher02.mscx
783	1	ecossaise	2 Ecossaisen op. 33 D 783	2	Ecossaisen	op. 33	2	783/D783ecossaise02.mscx
783	2	deutscher	16 Deutsche Tänze op. 33 D 783	16	Deutsche Tänze	op. 33	3	783/D783deutscher03.mscx
783	3	deutscher	16 Deutsche Tänze op. 33 D 783	16	Deutsche Tänze	op. 33	4	783/D783deutscher04.mscx
783	4	deutscher	16 Deutsche Tänze op. 33 D 783	16	Deutsche Tänze	op. 33	5	783/D783deutscher05.mscx
783	5	deutscher	16 Deutsche Tänze op. 33 D 783	16	Deutsche Tänze	op. 33	6	783/D783deutscher06.mscx
783	6	deutscher	16 Deutsche Tänze op. 33 D 783	16	Deutsche Tänze	op. 33	7	783/D783deutscher07.mscx
783	7	deutscher	16 Deutsche Tänze op. 33 D 783	16	Deutsche Tänze	op. 33	8	783/D783deutscher08.mscx
783	8	deutscher	16 Deutsche Tänze op. 33 D 783	16	Deutsche Tänze	op. 33	9	783/D783deutscher09.mscx
783	9	deutscher	16 Deutsche Tänze op. 33 D 783	16	Deutsche Tänze	op. 33	10	783/D783deutscher10.mscx
783	10	deutscher	16 Deutsche Tänze op. 33 D 783	16	Deutsche Tänze	op. 33	11	783/D783deutscher11.mscx
783	11	deutscher	16 Deutsche Tänze op. 33 D 783	16	Deutsche Tänze	op. 33	12	783/D783deutscher12.mscx
783	12	deutscher	16 Deutsche Tänze op. 33 D 783	16	Deutsche Tänze	op. 33	13	783/D783deutscher13.mscx
783	13	deutscher	16 Deutsche Tänze op. 33 D 783	16	Deutsche Tänze	op. 33	14	783/D783deutscher14.mscx
783	14	deutscher	16 Deutsche Tänze op. 33 D 783	16	Deutsche Tänze	op. 33	15	783/D783deutscher15.mscx
783	15	deutscher	16 Deutsche Tänze op. 33 D 783	16	Deutsche Tänze	op. 33	16	783/D783deutscher16.mscx
790	0	ländler	12 Ländler (Deutsche Tänze genannt) op. post. 171 D 790	12	Ländler (Deutsche Tänze genannt)	op. post. 171	1	790/D790ländler01.mscx
790	1	ländler	12 Ländler (Deutsche Tänze genannt) op. post. 171 D 790	12	Ländler (Deutsche Tänze genannt)	op. post. 171	2	790/D790ländler02.mscx
790	2	ländler	12 Ländler (Deutsche Tänze genannt) op. post. 171 D 790	12	Ländler (Deutsche Tänze genannt)	op. post. 171	3	790/D790ländler03.mscx
790	3	ländler	12 Ländler (Deutsche Tänze genannt) op. post. 171 D 790	12	Ländler (Deutsche Tänze genannt)	op. post. 171	4	790/D790ländler04.mscx
790	4	ländler	12 Ländler (Deutsche Tänze genannt) op. post. 171 D 790	12	Ländler (Deutsche Tänze genannt)	op. post. 171	5	790/D790ländler05.mscx
790	5	ländler	12 Ländler (Deutsche Tänze genannt) op. post. 171 D 790	12	Ländler (Deutsche Tänze genannt)	op. post. 171	6	790/D790ländler06.mscx
790	6	ländler	12 Ländler (Deutsche Tänze genannt) op. post. 171 D 790	12	Ländler (Deutsche Tänze genannt)	op. post. 171	7	790/D790ländler07.mscx
790	7	ländler	12 Ländler (Deutsche Tänze genannt) op. post. 171 D 790	12	Ländler (Deutsche Tänze genannt)	op. post. 171	8	790/D790ländler08.mscx
790	8	ländler	12 Ländler (Deutsche Tänze genannt) op. post. 171 D 790	12	Ländler (Deutsche Tänze genannt)	op. post. 171	9	790/D790ländler09.mscx
790	9	ländler	12 Ländler (Deutsche Tänze genannt) op. post. 171 D 790	12	Ländler (Deutsche Tänze genannt)	op. post. 171	10	790/D790ländler10.mscx
790	10	ländler	12 Ländler (Deutsche Tänze genannt) op. post. 171 D 790	12	Ländler (Deutsche Tänze genannt)	op. post. 171	11	790/D790ländler11.mscx
790	11	ländler	12 Ländler (Deutsche Tänze genannt) op. post. 171 D 790	12	Ländler (Deutsche Tänze genannt)	op. post. 171	12	790/D790ländler12.mscx
816	0	ecossaise	3 Ecossaisen D 816	3	Ecossaisen		1	816/D816ecossaise01.mscx
816	1	ecossaise	3 Ecossaisen D 816	3	Ecossaisen		2	816/D816ecossaise02.mscx
816	2	ecossaise	3 Ecossaisen D 816	3	Ecossaisen		3	816/D816ecossaise03.mscx
820	0	deutscher	6 Deutsche Tänze D 820	6	Deutsche Tänze		1	820/D820deutscher01.mscx
820	1	deutscher	6 Deutsche Tänze D 820	6	Deutsche Tänze		2	820/D820deutscher02.mscx
820	2	deutscher	6 Deutsche Tänze D 820	6	Deutsche Tänze		3	820/D820deutscher03.mscx
820	3	deutscher	6 Deutsche Tänze D 820	6	Deutsche Tänze		4	820/D820deutscher04.mscx
820	4	deutscher	6 Deutsche Tänze D 820	6	Deutsche Tänze		5	820/D820deutscher05.mscx
820	5	deutscher	6 Deutsche Tänze D 820	6	Deutsche Tänze		6	820/D820deutscher06.mscx
841	0	deutscher	2 Deutsche Tänze D 841	2	Deutsche Tänze		1	841/D841deutscher01.mscx
841	1	deutscher	2 Deutsche Tänze D 841	2	Deutsche Tänze		2	841/D841deutscher02.mscx
844	0	walzer	"Walzer genannt ""Albumblatt"" D 844"	1	"Walzer genannt ""Albumblatt"""		1	844/D844walzer01.mscx
91	0	menuett	2 Menuette D 91	2	Menuette		1	91/D091menuett01a.mscx
91	0	trioi	2*II Trios D 91	2*II	TrioI		1	91/D091trioI01b.mscx
91	1	menuett	2 Menuette D 91	2	Menuette		2	91/D091menuett02a.mscx
91	1	trioii	2*II Trios D 91	2*II	TrioII		1	91/D091trioII01c.mscx
91	2	trioi	2*II Trios D 91	2*II	TrioI		2	91/D091trioI02b.mscx
91	3	trioii	2*II Trios D 91	2*II	TrioII		2	91/D091trioII02c.mscx
924	0	walzer	12 Grazer Walzer op. 91 D 924	12	Grazer Walzer	op. 91	1	924/D924walzer01.mscx
924	1	walzer	12 Grazer Walzer op. 91 D 924	12	Grazer Walzer	op. 91	2	924/D924walzer02.mscx
924	2	walzer	12 Grazer Walzer op. 91 D 924	12	Grazer Walzer	op. 91	3	924/D924walzer03.mscx
924	3	walzer	12 Grazer Walzer op. 91 D 924	12	Grazer Walzer	op. 91	4	924/D924walzer04.mscx
924	4	walzer	12 Grazer Walzer op. 91 D 924	12	Grazer Walzer	op. 91	5	924/D924walzer05.mscx
924	5	walzer	12 Grazer Walzer op. 91 D 924	12	Grazer Walzer	op. 91	6	924/D924walzer06.mscx
924	6	walzer	12 Grazer Walzer op. 91 D 924	12	Grazer Walzer	op. 91	7	924/D924walzer07.mscx
924	7	walzer	12 Grazer Walzer op. 91 D 924	12	Grazer Walzer	op. 91	8	924/D924walzer08.mscx
924	8	walzer	12 Grazer Walzer op. 91 D 924	12	Grazer Walzer	op. 91	9	924/D924walzer09.mscx
924	9	walzer	12 Grazer Walzer op. 91 D 924	12	Grazer Walzer	op. 91	10	924/D924walzer10.mscx
924	10	walzer	12 Grazer Walzer op. 91 D 924	12	Grazer Walzer	op. 91	11	924/D924walzer11.mscx
924	11	walzer	12 Grazer Walzer op. 91 D 924	12	Grazer Walzer	op. 91	12	924/D924walzer12.mscx
925	0	galopp	Grazer Galopp D 925	1	Grazer Galopp		1	925/D925galopp01a.mscx
925	0	trio	1 Trio D 925	1	Trio		1	925/D925trio01b.mscx
969	0	walzer	12 Valses nobles op. 77 D 969	12	Valses nobles	op. 77	1	969/D969walzer01.mscx
969	1	walzer	12 Valses nobles op. 77 D 969	12	Valses nobles	op. 77	2	969/D969walzer02.mscx
969	2	walzer	12 Valses nobles op. 77 D 969	12	Valses nobles	op. 77	3	969/D969walzer03.mscx
969	3	walzer	12 Valses nobles op. 77 D 969	12	Valses nobles	op. 77	4	969/D969walzer04.mscx
969	4	walzer	12 Valses nobles op. 77 D 969	12	Valses nobles	op. 77	5	969/D969walzer05.mscx
969	5	walzer	12 Valses nobles op. 77 D 969	12	Valses nobles	op. 77	6	969/D969walzer06.mscx
969	6	walzer	12 Valses nobles op. 77 D 969	12	Valses nobles	op. 77	7	969/D969walzer07.mscx
969	7	walzer	12 Valses nobles op. 77 D 969	12	Valses nobles	op. 77	8	969/D969walzer08.mscx
969	8	walzer	12 Valses nobles op. 77 D 969	12	Valses nobles	op. 77	9	969/D969walzer09.mscx
969	9	walzer	12 Valses nobles op. 77 D 969	12	Valses nobles	op. 77	10	969/D969walzer10.mscx
969	10	walzer	12 Valses nobles op. 77 D 969	12	Valses nobles	op. 77	11	969/D969walzer11.mscx
969	11	walzer	12 Valses nobles op. 77 D 969	12	Valses nobles	op. 77	12	969/D969walzer12.mscx
970	0	deutscher	6 Deutsche Tänze D 970	6	Deutsche Tänze		1	970/D970deutscher01.mscx
970	1	deutscher	6 Deutsche Tänze D 970	6	Deutsche Tänze		2	970/D970deutscher02.mscx
970	2	deutscher	6 Deutsche Tänze D 970	6	Deutsche Tänze		3	970/D970deutscher03.mscx
970	3	deutscher	6 Deutsche Tänze D 970	6	Deutsche Tänze		4	970/D970deutscher04.mscx
970	4	deutscher	6 Deutsche Tänze D 970	6	Deutsche Tänze		5	970/D970deutscher05.mscx
970	5	deutscher	6 Deutsche Tänze D 970	6	Deutsche Tänze		6	970/D970deutscher06.mscx
971	0	deutscher	3 Deutsche Tänze D 971	3	Deutsche Tänze		1	971/D971deutscher01.mscx
971	1	deutscher	3 Deutsche Tänze D 971	3	Deutsche Tänze		2	971/D971deutscher02.mscx
971	2	deutscher	3 Deutsche Tänze D 971	3	Deutsche Tänze		3	971/D971deutscher03.mscx
972	0	deutscher	3 Deutsche Tänze D 972	3	Deutsche Tänze		1	972/D972deutscher01.mscx
972	1	deutscher	3 Deutsche Tänze D 972	3	Deutsche Tänze		2	972/D972deutscher02.mscx
972	2	deutscher	3 Deutsche Tänze D 972	3	Deutsche Tänze		3	972/D972deutscher03.mscx
973	0	deutscher	3 Deutsche Tänze D 973	3	Deutsche Tänze		1	973/D973deutscher01.mscx
973	1	deutscher	3 Deutsche Tänze D 973	3	Deutsche Tänze		2	973/D973deutscher02.mscx
973	2	deutscher	3 Deutsche Tänze D 973	3	Deutsche Tänze		3	973/D973deutscher03.mscx
974	0	deutscher	2 Deutsche Tänze D 974	2	Deutsche Tänze		1	974/D974deutscher01.mscx
974	1	deutscher	2 Deutsche Tänze D 974	2	Deutsche Tänze		2	974/D974deutscher02.mscx
975	0	deutscher	Deutscher Tanz D 975	1	Deutscher Tanz		1	975/D975deutscher01.mscx
976	0	cotillon	Cotillon D 976	1	Cotillon		1	976/D976cotillon01.mscx
977	0	ecossaise	8 Ecossaisen D 977	8	Ecossaisen		1	977/D977ecossaise01.mscx
977	1	ecossaise	8 Ecossaisen D 977	8	Ecossaisen		2	977/D977ecossaise02.mscx
977	2	ecossaise	8 Ecossaisen D 977	8	Ecossaisen		3	977/D977ecossaise03.mscx
977	3	ecossaise	8 Ecossaisen D 977	8	Ecossaisen		4	977/D977ecossaise04.mscx
977	4	ecossaise	8 Ecossaisen D 977	8	Ecossaisen		5	977/D977ecossaise05.mscx
977	5	ecossaise	8 Ecossaisen D 977	8	Ecossaisen		6	977/D977ecossaise06.mscx
977	6	ecossaise	8 Ecossaisen D 977	8	Ecossaisen		7	977/D977ecossaise07.mscx
977	7	ecossaise	8 Ecossaisen D 977	8	Ecossaisen		8	977/D977ecossaise08.mscx
978	0	walzer	Walzer D 978	1	Walzer		1	978/D978walzer01.mscx
979	0	walzer	Walzer D 979	1	Walzer		1	979/D979walzer01.mscx
980	0	walzer	2 Walzer D 980	2	Walzer		1	980/D980walzer01.mscx
980	1	walzer	2 Walzer D 980	2	Walzer		2	980/D980walzer02.mscx
